TR|土耳其
TR_Van|凡
TR_Nevsehir|內夫謝希爾
TR_Bayburt|巴伊布林特
TR_Batman|巴特曼
TR_Balikesir|巴勒克埃西爾
TR_Bartin|巴爾騰
TR_Bitlis|比特利斯
TR_Bilecik|比萊吉克
TR_Nigde|尼代
TR_Burdur|布林杜爾
TR_Bursa|布爾薩
TR_Aydin|艾登
TR_Gaziantep|加濟安泰普
TR_Denizli|代尼茲利
TR_Karabuk|卡拉比克
TR_Karaman|卡拉曼
TR_Kastamonu|卡斯塔莫努
TR_Kahraman?Maras|卡赫拉曼馬拉什
TR_Kars|卡爾斯
TR_Giresun|吉雷松
TR_Tokat|托卡特
TR_Icel|伊切爾
TR_Igdir|伊迪爾
TR_Izmir|伊茲密爾
TR_Isparta|伊斯帕爾塔
TR_Istanbul|伊斯坦布爾
TR_Ankara|安卡拉
TR_Antalya|安塔利亞
TR_Kirikkale|克勒克卡萊
TR_Kirsehir|克爾謝希爾
TR_Aksaray|阿克薩賴
TR_Amasya|阿馬西亞
TR_Agri|阿勒
TR_Afyon|阿菲永
TR_Adana|阿達納
TR_Artvin|阿爾特溫
TR_Ardahan|阿爾達罕
TR_Adiyaman|阿德亞曼
TR_Gumushane|居米什哈內
TR_Kutahya|屈塔希亞
TR_Cankiri|昌克勒
TR_Urfa|拉飛
TR_Zonguldak|宗古爾達克
TR_Diyarbakir|迪亞巴克爾
TR_Canakkale|恰納卡萊
TR_Hakkari|哈卡裏
TR_Hatay|哈塔伊
TR_Yozgat|約茲加特
TR_Konya|科尼亞
TR_Kocaeli|科賈埃利
TR_Kirklareli|柯克拉雷利
TR_Tunceli|通傑利
TR_Usak|烏薩克
TR_Tekirdag|泰基爾達
TR_Manisa|馬尼薩
TR_Malatya|馬拉蒂亞
TR_Mardin|馬爾丁
TR_Trabzon|特拉布宗
TR_Elazig|埃拉澤
TR_Edirne|埃迪爾內
TR_Eskisehir|埃斯基謝希爾
TR_Erzincan|埃爾津詹
TR_Erzurum|埃爾祖魯姆
TR_Kilis|基利斯
TR_Kayseri|開塞利
TR_Corum|喬魯姆
TR_Bolu|博盧
TR_Rize|裏澤
TR_Bingol|賓格爾
TR_Ordu|奧爾杜
TR_Sakarya|薩卡裏亞
TR_Samsun|薩姆松
TR_Mus|穆什
TR_Mugla|穆拉
TR_Sivas|錫瓦斯
TR_Sirnak|錫爾納克
TR_Siirt|錫爾特
TR_Sinop|錫諾普
VU|瓦努阿圖
BN|文莱
JP|日本
JP_Yamaguchi|山口
JP_Yamagata|山形
JP_Yamanashi|山梨
JP_Oita|大分
JP_Osaka|大阪
JP_Mie|三重
JP_Chiba|千葉
JP_Hokkaido|北海道
JP_Ishikawa|石川
JP_Gifu|岐阜
JP_Okinawa|沖繩
JP_Hyogo|兵庫
JP_Saga|佐賀
JP_Wakayama|和歌山
JP_Okayama|岡山
JP_Iwate|岩手
JP_Nara|奈良
JP_Nagasaki|長崎
JP_Nagano|長野
JP_Kyoto|京都
JP_Aomori|青森
JP_Tokyo|東京
JP_Kanagawa|神奈川
JP_Kagawa|香川
JP_Akita|秋田
JP_Ibaraki|茨城
JP_Shimane|島根
JP_Kochi|高知
JP_Miyagi|宮城
JP_Miyazaki|宮崎
JP_Tottori|鳥取
JP_Kagoshima|鹿兒島
JP_Saitama|埼玉
JP_Shiga|滋賀
JP_Toyama|富山
JP_Aichi|愛知
JP_Ehime|愛媛
JP_Fukui|福井
JP_Fukuoka|福岡
JP_Fukushima|福島
JP_Niigata|新潟
JP_Gunma|群馬
JP_Kumamoto|熊本
JP_Hiroshima|廣島
JP_Tokushima|徳島
JP_Shizuoka|靜岡
JP_Tochigi|櫪木
BB|巴巴多斯島
PG|巴布亞新磯內亞
BR|巴西
BR_Brasilia|巴西利亞
BR_Bahia|巴伊亞
BR_Parana|巴拉那
BR_Goias|戈阿斯
BR_Piaui|皮奧伊
BR_Rio Grande do Norte|北裏奧格蘭德
BR_Minas Gerais|米納斯吉拉斯
BR_Tocantins|托坎廷斯
BR_Rio de Janeiro|里約熱內盧
BR_Acre|阿克裏
BR_Alagoas|阿拉戈斯
BR_Amapa|阿馬帕
BR_Pernambuco|伯南布哥
BR_Para|帕拉
BR_Paraiba|帕拉伊巴
BR_Amazonas|亞馬孫
BR_Mato Grosso do Sul|南馬托格羅索
BR_Rio Grande do Sul|南裏奧格蘭德
BR_Mato Grosso|馬托格羅索
BR_Maranhao|馬拉尼昂
BR_Rondonia|朗多尼亞
BR_Santa Catarina|聖卡塔琳娜
BR_Sao Paulo|聖保羅
BR_Espirito Santo|聖埃斯皮裏圖
BR_Ceara|塞阿拉
BR_Sergipe|塞爾希培
BR_Roraima|羅賴馬
BH|巴林
BS|巴哈馬
PA|巴拿馬
PK|巴基斯坦
BT|不丹
CF|中非共和國
CN|中國
CN_Shanxi|山西
CN_Shanxi_Datong|大同
CN_Shanxi_Taiyuan|太原
CN_Shanxi_Luliang|呂梁
CN_Shanxi_Xinzhou|忻州
CN_Shanxi_Changzhi|長治
CN_Shanxi_Jinzhong|晉中
CN_Shanxi_Jincheng|晉城
CN_Shanxi_Shuozhou|朔州
CN_Shanxi_Yangquan|陽泉
CN_Shanxi_Yuncheng|運城
CN_Shanxi_Linfen|臨汾
CN_Shandong|山東
CN_Shandong_Rizhao|日照
CN_Shandong_Qingdao|青島
CN_Shandong_Dongying|東營
CN_Shandong_Weihai|威海
CN_Shandong_Taian|泰安
CN_Shandong_Laiwu|萊蕪
CN_Shandong_Liaocheng|聊城
CN_Shandong_Zibo|淄博
CN_Shandong_Heze|菏澤
CN_Shandong_Zaozhuang|棗莊
CN_Shandong_Yantai|煙臺
CN_Shandong_Texas|德州
CN_Shandong_Linyi|臨沂
CN_Shandong_Jinan|濟南
CN_Shandong_Jining|濟寧
CN_Shandong_Weifang|濰坊
CN_Shandong_Binzhou|濱州
CN_Shanghai|上海
CN_Shanghai_Fengxian|奉賢
CN_Shanghai_Changning|長寧
CN_Shanghai_Jinshan|金山
CN_Shanghai_Qingpu|青浦
CN_Shanghai_Songjiang|松江
CN_Shanghai_Hongkou|虹口
CN_Shanghai_Pudong New District|浦東新區
CN_Shanghai_Xuhui|徐匯
CN_Shanghai_Chongming|崇明
CN_Shanghai_Huangpu|黃浦
CN_Shanghai_Minhang|閔行
CN_Shanghai_Po|普陀
CN_Shanghai_Yangpu|楊浦
CN_Shanghai_Zhabei|閘北
CN_Shanghai_Jiading|嘉定
CN_Shanghai_Luwan|盧灣
CN_Shanghai_Jing|靜安
CN_Shanghai_Baoshan|寶山
CN_Tianjin|天津
CN_Tianjin_North Star|北辰
CN_Tianjin_West Green|西青
CN_Tianjin_Peace|和平
CN_Tianjin_Hebei|河北
CN_Tianjin_west|河西
CN_Tianjin_east|河東
CN_Tianjin_Wuqing|武清
CN_Tianjin_Toray|東麗
CN_Tianjin_Red Bridge|紅橋
CN_Tianjin_Jinnan|津南
CN_Tianjin_Nankai|南開
CN_Tianjin_Ninghe|寧河
CN_Tianjin_Jixian|薊縣
CN_Tianjin_Jinghai|靜海
CN_Tianjin_Binhai New Area|濱海新區
CN_Tianjin_Baodi|寶坻
CN_Inner Mongolia|內蒙古
CN_Inner Mongolia_Bayannur|巴彥淖爾
CN_Inner Mongolia_Baotou|包頭
CN_Inner Mongolia_Chifeng|赤峰
CN_Inner Mongolia_Alxa|阿拉善
CN_Inner Mongolia_Hohhot|呼和浩特
CN_Inner Mongolia_Hulunbeier|呼倫貝爾
CN_Inner Mongolia_Tongliao|通遼
CN_Inner Mongolia_Wuhai|烏海
CN_Inner Mongolia_Bu|烏蘭察布
CN_Inner Mongolia_Erdos|鄂爾多斯
CN_Inner Mongolia_Xing|興安
CN_Inner Mongolia_Gol|錫林郭勒
CN_Gansu|甘肅
CN_Gansu_Tin Shui|天水
CN_Gansu_Gannan|甘南
CN_Gansu_Pingliang|平涼
CN_Gansu_Silver|白銀
CN_Gansu_Jinchang|金昌
CN_Gansu_Wuwei|武威
CN_Gansu_Dingxi|定西
CN_Gansu_Jiuquan|酒泉
CN_Gansu_Zhangye|張掖
CN_Gansu_Jiayuguan|嘉峪關
CN_Gansu_Qingyang|慶陽
CN_Gansu_Linxia|臨夏
CN_Gansu_Longnan|隴南
CN_Gansu_Lanzhou|蘭州市
CN_Sichuan|四川
CN_Sichuan_Neijiang|內江
CN_Sichuan_Pakistan|巴中
CN_Sichuan_Ganzi|甘孜
CN_Sichuan_Zigong|自貢
CN_Sichuan_Chengdu|成都
CN_Sichuan_Aba|阿壩
CN_Sichuan_Yibin|宜賓
CN_Sichuan_Meishan|眉山
CN_Sichuan_Nanchong|南充
CN_Sichuan_Liangshan|涼山
CN_Sichuan_Suining|遂寧
CN_Sichuan_Florida|達州
CN_Sichuan_Yaan|雅安
CN_Sichuan_Ziyang|資陽
CN_Sichuan_Mianyang|綿陽
CN_Sichuan_Guangyuan|廣元
CN_Sichuan_Kwong|廣安
CN_Sichuan_Leshan|樂山
CN_Sichuan_Deyang|德陽
CN_Sichuan_Luzhou|瀘州
CN_Sichuan_Panzhihua|攀枝花
CN_Beijing|北京
CN_Beijing_Daxing|大興
CN_Beijing_Pinggu|平谷
CN_Beijing_Shijingshan|石景山
CN_Beijing_West|西城
CN_Beijing_Yanqing|延慶
CN_Beijing_Mentougou|門頭溝
CN_Beijing_Changping|昌平
CN_Beijing_Fangshan|房山
CN_Beijing_East|東城
CN_Beijing_Tongzhou|通州
CN_Beijing_Haidian|海澱
CN_Beijing_Miyun|密雲
CN_Beijing_Shunyi|順義
CN_Beijing_Chaoyang|朝陽
CN_Beijing_Fengtai|豐台
CN_Beijing_Huairou|懷柔
CN_Taiwan|台灣
CN_Taiwan_Taichung City|台中市
CN_Taiwan_Taipei|台北市
CN_Taiwan_Taitung County|台東縣
CN_Taiwan_Tainan City|台南市
CN_Taiwan_Hualien County|花蓮縣
CN_Taiwan_Kinmen County|金門縣
CN_Taiwan_Miaoli County|苗栗縣
CN_Taiwan_Yilan County|宜蘭縣
CN_Taiwan_Pingtung County|屏東縣
CN_Taiwan_Nantou County|南投縣
CN_Taiwan_Lianjiang County|連江縣
CN_Taiwan_Taoyuan County|桃園縣
CN_Taiwan_Kaohsiung City|高雄市
CN_Taiwan_Keelung City|基隆市
CN_Taiwan_Yunlin County|雲林縣
CN_Taiwan_New Taipei City|新北市
CN_Taiwan_Hsinchu City|新竹市
CN_Taiwan_Hsinchu County|新竹縣
CN_Taiwan_Chiayi City|嘉義市
CN_Taiwan_Chiayi County|嘉義縣
CN_Taiwan_Changhua County|彰化縣
CN_Taiwan_Penghu County|澎湖縣
CN_Jilin|吉林
CN_Jilin_White City|白城
CN_Jilin_Siping|四平
CN_Jilin_Jilin|吉林
CN_Jilin_Yanbian|延邊
CN_Jilin_White Mountains|長白山
CN_Jilin_Changchun|長春
CN_Jilin_Matsubara|松原
CN_Jilin_Tonghua|通化
CN_Jilin_Liaoyuan|遼源
CN_Jiangxi|江西
CN_Jiangxi_Jiujiang|九江
CN_Jiangxi_Shangrao|上饒
CN_Jiangxi_Jian|吉安
CN_Jiangxi_Yichun|宜春
CN_Jiangxi_Nanchang|南昌
CN_Jiangxi_Pingxiang|萍鄉
CN_Jiangxi_Jingdezhen|景德鎮
CN_Jiangxi_Xinyu|新餘
CN_Jiangxi_Fuzhou|撫州
CN_Jiangxi_Ganzhou|贛州
CN_Jiangxi_Yingtan|鷹潭
CN_Jiangsu|江蘇
CN_Jiangsu_Nanjing|南京
CN_Jiangsu_Nantong|南通
CN_Jiangsu_Lianyungang|連雲港
CN_Jiangsu_Taizhou|泰州
CN_Jiangsu_Xuzhou|徐州
CN_Jiangsu_Huai|淮安
CN_Jiangsu_Changzhou|常州
CN_Jiangsu_Suqian|宿遷
CN_Jiangsu_Wuxi|無錫
CN_Jiangsu_Yangzhou|揚州
CN_Jiangsu_Zhenjiang|鎮江
CN_Jiangsu_Suzhou|蘇州
CN_Jiangsu_Yancheng|鹽城
CN_Tibet|西藏
CN_Tibet_Shannan|山南
CN_Tibet_Shigatse|日喀則
CN_Tibet_Nagqu|那曲
CN_Tibet_Ali|阿裡
CN_Tibet_Qamdo|昌都
CN_Tibet_Lhasa|拉薩
CN_Tibet_Nyingchi|林芝
CN_Anhui|安徽
CN_Anhui_Luan|六安
CN_Anhui_Hefei|合肥
CN_Anhui_Chizhou|池州
CN_Anhui_Anqing|安慶
CN_Anhui_Fuyang|阜陽
CN_Anhui_Xuancheng|宣城
CN_Anhui_MOS|馬鞍山
CN_Anhui_Bengbu|蚌埠
CN_Anhui_Bozhou|亳州
CN_Anhui_Chaohu|巢湖
CN_Anhui_Huaibei|淮北
CN_Anhui_Huainan|淮南
CN_Anhui_Huangshan|黃山
CN_Anhui_Suzhou|宿州
CN_Anhui_Chuzhou|滁州
CN_Anhui_Tongling|銅陵
CN_Anhui_Wuhu|蕪湖
CN_Hebei|河北
CN_Hebei_Shijiazhuang|石家莊
CN_Hebei_Xingtai|邢臺
CN_Hebei_Handan|邯鄲
CN_Hebei_Chengde|承德
CN_Hebei_Baoding|保定
CN_Hebei_Tangshan|唐山
CN_Hebei_Qinhuangdao|秦皇島
CN_Hebei_Langfang|廊坊
CN_Hebei_Zhangjiakou|張家口
CN_Hebei_Cangzhou|滄州
CN_Hebei_Hengshui|衡水
CN_Henan|河南
CN_Henan_Sanmenxia|三門峽
CN_Henan_mesa|平頂山
CN_Henan_Anyang|安陽
CN_Henan_Zhoukou|周口
CN_Henan_Luoyang|洛陽
CN_Henan_Nanyang|南陽
CN_Henan_Xinyang|信陽
CN_Henan_Shangqiu|商丘
CN_Henan_Xuchang|許昌
CN_Henan_Jiaozuo|焦作
CN_Henan_Kaifeng|開封
CN_Henan_Xinxiang|新鄉
CN_Henan_Zhengzhou|鄭州
CN_Henan_Luohe|漯河
CN_Henan_Zhumadian|駐馬店
CN_Henan_Jiyuan|濟源
CN_Henan_Puyang|濮陽
CN_Henan_Hebi|鶴壁
CN_Qinghai|青海
CN_Qinghai_Yushu|玉樹
CN_Qinghai_Xining|西寧
CN_Qinghai_Guoluo|果洛
CN_Qinghai_rambling|海北
CN_Qinghai_Hercynian|海西
CN_Qinghai_Haidong|海東
CN_Qinghai_Hainan|海南
CN_Qinghai_Huangnan|黃南
CN_Hong Kong|香港
CN_Hong Kong_Kowloon City|九龍城區
CN_Hong Kong_Tai Po|大埔區
CN_Hong Kong_Tuen Mun|屯門區
CN_Hong Kong_Yuen Long|元朗區
CN_Hong Kong_Central and Western|中西區
CN_Hong Kong_North|北區
CN_Hong Kong_Sai Kung|西貢區
CN_Hong Kong_Sha Tin|沙田區
CN_Hong Kong_Yau Tsim Mong|油尖旺區
CN_Hong Kong_Eastern|東區
CN_Hong Kong_Tsuen Wan|荃灣區
CN_Hong Kong_Southern|南區
CN_Hong Kong_Sham Shui Po|深水埗區
CN_Hong Kong_Wong Tai Sin|黃大仙區
CN_Hong Kong_Kwai Tsing|葵青區
CN_Hong Kong_Islands|離島區
CN_Hong Kong_Kwun Tong|觀塘區
CN_Hong Kong_Wan Chai|灣仔區
CN_Chongqing|重慶
CN_Chongqing_Jiulongpo|九龍坡
CN_Chongqing_Dazu|大足
CN_Chongqing_Dadukou|大渡口
CN_Chongqing_Banan|巴南
CN_Chongqing_Yongchuan|永川
CN_Chongqing_Beibei|北碚
CN_Chongqing_columns|石柱
CN_Chongqing_Aikawa|合川
CN_Chongqing_Jiangbei|江北
CN_Chongqing_Jiangjin|江津
CN_Chongqing_Shapingba|沙坪壩
CN_Chongqing_Youyang|酉陽
CN_Chongqing_Xiushan|秀山
CN_Chongqing_Fengjie|奉節
CN_Chongqing_Two Rivers|兩江新區
CN_Chongqing_longevity|長壽
CN_Chongqing_Wushan|巫山
CN_Chongqing_Wuxi|巫溪
CN_Chongqing_Wulong|武隆
CN_Chongqing_Zhongxian|忠縣
CN_Chongqing_Nanchuan|南川
CN_Chongqing_South Bank|南岸
CN_Chongqing_Chengkou|城口
CN_Chongqing_Liangping|梁平
CN_Chongqing_Fuling|涪陵
CN_Chongqing_Wanzhou|萬州
CN_Chongqing_Pine Valley|萬盛
CN_Chongqing_Kaixian|開縣
CN_Chongqing_Yuzhong|渝中
CN_Chongqing_Yubei|渝北
CN_Chongqing_Yunyang|雲陽
CN_Chongqing_Pengshui|彭水
CN_Chongqing_Dianjiang|墊江
CN_Chongqing_Qijiang|綦江
CN_Chongqing_Rongchang|榮昌
CN_Chongqing_Tongliang|銅梁
CN_Chongqing_Tongnan|潼南
CN_Chongqing_Qianjiang|黔江
CN_Chongqing_Fengdu|豐都
CN_Chongqing_Bishan|璧山
CN_Chongqing_Shuangqiao|雙橋
CN_Shaanxi|陝西
CN_Shaanxi_Xi'an|西安
CN_Shaanxi_Yanan|延安
CN_Shaanxi_Ankang|安康
CN_Shaanxi_Xianyang|咸陽
CN_Shaanxi_Shangluo|商洛
CN_Shaanxi_Weinan|渭南
CN_Shaanxi_Yulin|榆林
CN_Shaanxi_Tongchuan|銅川
CN_Shaanxi_Hanzhong|漢中
CN_Shaanxi_Baoji|寶雞
CN_Zhejiang|浙江
CN_Zhejiang_Taizhou|台州
CN_Zhejiang_Zhoushan|舟山
CN_Zhejiang_Jinhua|金華
CN_Zhejiang_Hangzhou|杭州
CN_Zhejiang_Shaoxing|紹興
CN_Zhejiang_Huzhou|湖州
CN_Zhejiang_Wenzhou|溫州
CN_Zhejiang_Jiaxing|嘉興
CN_Zhejiang_Ningbo|寧波
CN_Zhejiang_Lishui|麗水
CN_Zhejiang_Quzhou|衢州
CN_Hainan|海南
CN_Hainan_Sanya|三亞
CN_Hainan_Tunchang|屯昌
CN_Hainan_Wenchang|文昌
CN_Hainan_in the sand|中沙
CN_Hainan_Fingers|五指山
CN_Hainan_White Sands|白沙
CN_Hainan_Xisha|西沙
CN_Hainan_Changjiang|昌江
CN_Hainan_East|東方
CN_Hainan_Honour|定安
CN_Hainan_Nansha|南沙
CN_Hainan_Baoting|保亭
CN_Hainan_Haikou|海口
CN_Hainan_Lingshui|陵水
CN_Hainan_Manning|萬寧
CN_Hainan_Danzhou|儋州
CN_Hainan_Music East|樂東
CN_Hainan_Chengmai|澄邁
CN_Hainan_Pro High|臨高
CN_Hainan_Qiongzhong|瓊中
CN_Hainan_Qionghai|瓊海
CN_Guizhou|貴州
CN_Guizhou_Liupanshui|六盤水
CN_Guizhou_Anshun|安順
CN_Guizhou_Bijie|畢節
CN_Guizhou_Guiyang|貴陽
CN_Guizhou_Tongren|銅仁
CN_Guizhou_Lawrence|遵義
CN_Guizhou_Southwest Guizhou|黔西南
CN_Guizhou_Southeast|黔東南
CN_Guizhou_South Guizhou|黔南
CN_Hubei|湖北
CN_Hubei_Shiyan|十堰
CN_Hubei_Tianmen|天門
CN_Hubei_Bristol|仙桃
CN_Hubei_Xiaogan|孝感
CN_Hubei_Wuhan|武漢
CN_Hubei_Yichang|宜昌
CN_Hubei_Xianning|咸寧
CN_Hubei_Shennongjia|神農架
CN_Hubei_Jingzhou|荊州
CN_Hubei_Jingmen|荊門
CN_Hubei_Enshi|恩施
CN_Hubei_Ezhou|鄂州
CN_Hubei_Yellowstone|黃石
CN_Hubei_Huanggang|黃岡
CN_Hubei_Suizhou|隨州
CN_Hubei_Qianjiang|潛江
CN_Hubei_Yangyang|襄陽
CN_Hunan|湖南
CN_Hunan_Yongzhou|永州
CN_Hunan_Shaoyang|邵陽
CN_Hunan_Yueyang|岳陽
CN_Hunan_Changsha|長沙
CN_Hunan_Zhuzhou|株洲
CN_Hunan_Chenzhou|郴州
CN_Hunan_Yiyang|益陽
CN_Hunan_Changde|常德
CN_Hunan_Loudi|婁底
CN_Hunan_Zhangjiajie|張家界
CN_Hunan_Xiangxi|湘西
CN_Hunan_Xiangtan|湘潭
CN_Hunan_Hengyang|衡陽
CN_Hunan_Huaihua|懷化
CN_Heilongjiang|黑龍江
CN_Heilongjiang_Qitaihe|七台河
CN_Heilongjiang_Daqing|大慶
CN_Heilongjiang_Mountains|大興安嶺
CN_Heilongjiang_Yichun|伊春
CN_Heilongjiang_Mudanjiang|牡丹江
CN_Heilongjiang_Jiamusi|佳木斯
CN_Heilongjiang_Harbin|哈爾濱
CN_Heilongjiang_Heihe|黑河
CN_Heilongjiang_Suihua|綏化
CN_Heilongjiang_Qiqihar|齊齊哈爾
CN_Heilongjiang_Shuangyashan|雙鴨山
CN_Heilongjiang_Jixi|雞西
CN_Heilongjiang_Hegang|鶴崗
CN_Yunnan|雲南
CN_Yunnan_Dali|大理
CN_Yunnan_Wenshan|文山
CN_Yunnan_Yuxi|玉溪
CN_Yunnan_Xishuangbanna|西雙版納
CN_Yunnan_Qujing|曲靖
CN_Yunnan_Kunming|昆明
CN_Yunnan_Diqing|迪慶
CN_Yunnan_Nu|怒江
CN_Yunnan_Red|紅河
CN_Yunnan_Zhaotong|昭通
CN_Yunnan_Baoshan|保山
CN_Yunnan_Pu'er|普洱
CN_Yunnan_Chuxiong|楚雄
CN_Yunnan_Devon|德宏
CN_Yunnan_Lincang|臨滄
CN_Yunnan_Lijiang|麗江
CN_Fujian|福建
CN_Fujian_Sanming|三明
CN_Fujian_Quanzhou|泉州
CN_Fujian_Nanping|南平
CN_Fujian_Putian|莆田
CN_Fujian_Fuzhou|福州
CN_Fujian_Xiamen|廈門
CN_Fujian_Zhangzhou|漳州
CN_Fujian_Ningde|寧德
CN_Fujian_Longyan|龍岩
CN_Xinjiang|新疆
CN_Xinjiang_Bayingolin|巴音郭楞
CN_Xinjiang_Wujiaqu|五家渠
CN_Xinjiang_Shihezi|石河子
CN_Xinjiang_Turpan|吐魯番
CN_Xinjiang_Ili|伊犁
CN_Xinjiang_Kizilsu|克孜勒蘇
CN_Xinjiang_Karamay|克拉瑪依
CN_Xinjiang_Aksu|阿克蘇
CN_Xinjiang_Arar|阿拉爾
CN_Xinjiang_Altay|阿勒泰
CN_Xinjiang_Hotan|和田
CN_Xinjiang_Changji|昌吉
CN_Xinjiang_Hamilton|哈密
CN_Xinjiang_Urumqi|烏魯木齊
CN_Xinjiang_Tacheng|塔城
CN_Xinjiang_Kashgar|喀什
CN_Xinjiang_Bortala|博爾塔拉
CN_Xinjiang_Figure wooden Shook|圖木舒克
CN_Guangxi|廣西
CN_Guangxi_Beihai|北海
CN_Guangxi_Yulin|玉林
CN_Guangxi_Fangchenggang|防城港
CN_Guangxi_Baise|百色
CN_Guangxi_Hechi|河池
CN_Guangxi_guests|來賓
CN_Guangxi_Nanning|南寧
CN_Guangxi_Liuzhou|柳州
CN_Guangxi_Guilin|桂林
CN_Guangxi_Wuzhou|梧州
CN_Guangxi_Chongzuo|崇左
CN_Guangxi_Guigang|貴港
CN_Guangxi_Hezhou|賀州
CN_Guangxi_Chow|欽州
CN_Guangdong|廣東
CN_Guangdong_Zhongshan|中山
CN_Guangdong_Shanwei|汕尾
CN_Guangdong_Shantou|汕頭
CN_Guangdong_Jiangmen|江門
CN_Guangdong_Foshan|佛山
CN_Guangdong_Heyuan|河源
CN_Guangdong_Maoming|茂名
CN_Guangdong_Dongguan|東莞
CN_Guangdong_Zhuhai|珠海
CN_Guangdong_Meizhou|梅州
CN_Guangdong_Shenzhen|深圳
CN_Guangdong_Qingyuan|清遠
CN_Guangdong_Yangjiang|陽江
CN_Guangdong_Huizhou|惠州
CN_Guangdong_Zhanjiang|湛江
CN_Guangdong_Yunfu|雲浮
CN_Guangdong_Jieyang|揭陽
CN_Guangdong_Zhaoqing|肇慶
CN_Guangdong_Guangzhou|廣州
CN_Guangdong_Shaoguan|韶關
CN_Guangdong_Chaozhou|潮州
CN_Ningxia|寧夏
CN_Ningxia_Zhongwei|中衛
CN_Ningxia_Shizuishan|石嘴山
CN_Ningxia_Wuzhong|吳忠
CN_Ningxia_Guyuan|固原
CN_Ningxia_Yinchuan|銀川
CN_Liaoning|遼寧
CN_Liaoning_Dalian|大連
CN_Liaoning_Dandong|丹東
CN_Liaoning_Benxi|本溪
CN_Liaoning_Fuxin|阜新
CN_Liaoning_Huludao|葫蘆島
CN_Liaoning_Chaoyang|朝陽
CN_Liaoning_Liaoyang|遼陽
CN_Liaoning_Fushun|撫順
CN_Liaoning_Panjin|盤錦
CN_Liaoning_Anshan|鞍山
CN_Liaoning_Yingkou|營口
CN_Liaoning_Jinzhou|錦州
CN_Liaoning_Shenyang|瀋陽
CN_Liaoning_Tieling|鐵嶺
CN_Macao|澳門
CN_Macao_Cathedral|大堂區
CN_Macao_Taipa|氹仔
CN_Macao_Fatima|花地瑪堂區
CN_Macao_St. Lawrence|風順堂區
CN_Macao_St. Lazarus|望德堂區
CN_Macao_St. Anthony|聖安多尼堂區
CN_Macao_Coloane|路環島
DK|丹麥
JM|牙買加
EC|厄瓜多爾
ER|厄立特里亞
BE|比利時
MU|毛里求斯
NG|尼日利亞
NI|尼加拉瓜
NP|尼泊爾
GT|瓜地馬拉
BI|布隆迪
GH|加納
CA|加拿大
CA_Trois-Rivieres|三河鎮
CA_Barrie|巴里
CA_Cape Breton|布列塔尼角
CA_Fredericton|弗雷德里頓
CA_Calgary|卡里加裏
CA_Toronto|多倫多
CA_Iqaluit|伊魁特
CA_Guelph|圭爾夫
CA_Regina|里賈納
CA_Abbotsford|阿伯茨福
CA_Yellowknife|耶洛奈夫
CA_Kingston|金斯頓
CA_Sherbrooke|舍布魯克
CA_Halifax|哈利法克斯
CA_Hamilton|哈密爾頓
CA_London|倫敦
CA_Thunder Bay|桑德貝
CA_Charlottetown|夏洛特敦
CA_Edmonton|埃德蒙頓
CA_Brampton|基奇納
CA_Kelowna|基勞納
CA_Ottawa|渥太華
CA_St. Catharines|聖卡塔琳娜
CA_Saint-John's|聖約翰斯
CA_Montreal|蒙特利爾
CA_Winnipeg|溫尼伯
CA_Vancouver|溫哥華
CA_Windsor|溫莎
CA_Quebec|魁北克
CA_Oshawa|奧沙瓦
CA_Victoria|維多利亞
CA_Saskatoon|薩斯卡通
CA_Sudbury|薩德伯裏
CA_Whitehorse|懷特霍斯
IL|以色列
MP|北馬利安納群島
QA|卡塔爾
CU|古巴
TW|台灣
TW_Taichung City|台中市
TW_Taipei|台北市
TW_Taitung County|台東縣
TW_Tainan City|台南市
TW_Hualien County|花蓮縣
TW_Kinmen County|金門縣
TW_Miaoli County|苗栗縣
TW_Yilan County|宜蘭縣
TW_Pingtung County|屏東縣
TW_Nantou County|南投縣
TW_Lianjiang County|連江縣
TW_Taoyuan County|桃園縣
TW_Kaohsiung City|高雄市
TW_Keelung City|基隆市
TW_Yunlin County|雲林縣
TW_New Taipei City|新北市
TW_Hsinchu City|新竹市
TW_Hsinchu County|新竹縣
TW_Chiayi City|嘉義市
TW_Chiayi County|嘉義縣
TW_Changhua County|彰化縣
TW_Penghu County|澎湖縣
LA|老撾
DJ|吉布提
KG|吉爾吉斯斯坦
DO|多明尼加共和國
ES|西班牙
ES_Valladolid|巴利亞多利德
ES_Baleares|巴厘阿裏
ES_Valencia|巴倫西亞
ES_Badajoz|巴達霍斯
ES_Barcelona|巴賽隆納
ES_Vizcaya|比斯開
ES_Guadalajara|瓜達拉哈拉
ES_Burgos|布林戈斯
ES_Cadiz|加的斯
ES_Castellon|卡斯特利翁
ES_Caceres|卡塞雷斯
ES_Guipuzcoa|吉普斯誇
ES_Navarra|那瓦勒
ES_Toledo|托萊多
ES_Alicante|阿利坎特
ES_Alava|阿拉瓦
ES_Asturias|阿斯圖利亞斯
ES_Avila|阿維拉
ES_Albacete|阿爾瓦塞特
ES_Almeria|阿爾梅裏亞
ES_Cuenca|昆卡
ES_Palencia|帕倫西亞
ES_La Rioja|拉里奧哈
ES_La Coruna|拉科魯尼亞
ES_Las Palmas|拉斯帕爾馬斯
ES_Jaen|哈恩
ES_Cordoba|科爾多瓦
ES_Huesca|韋斯卡
ES_Huelva|韋爾瓦
ES_Granada|格拉納達
ES_Santander|桑坦德
ES_Soria|索裏亞
ES_Malaga|馬拉加
ES_Madrid|馬德里
ES_Teruel|特魯埃爾
ES_Leon|萊昂
ES_Lleida|萊裏達
ES_Tarragona|塔拉戈納
ES_Santa Cruz de Tenerife|聖克魯斯-德特內裏費
ES_Segovia|塞哥維亞
ES_Sevilla|塞維利亞
ES_Provincia de Pontevedra|蓬特韋德拉
ES_Ciudad Real|雷阿尔城
ES_Orense|奧倫塞
ES_Gerona|赫羅納
ES_Zaragoza|薩拉戈薩?
ES_Salamanca|薩拉曼卡
ES_Zamora|薩莫拉
ES_Murcia|穆爾西亞
ES_Provincia de Lugo|盧戈
IS|冰島
LI|列支敦士登
BM|百慕達
HU|匈牙利
HU_Bacs-Kiskun|巴奇-基什孔
HU_Baranya|巴蘭尼亞
HU_Budapest|布達佩斯
HU_Jasz-Nagykun-Szolnok|加茲-納傑孔-索爾諾克
HU_Borsod-Abauj-Zemplen|包爾紹德-奧包烏伊-曾普倫
HU_Tolna|托爾瑙
HU_Vas|沃什
HU_Bekes|貝凱什
HU_Zala|佐洛
HU_Pest|佩斯
HU_Komarom-Esztergom|科馬羅姆
HU_Szabolcs-Szatmar-Bereg|索博爾奇-索特馬爾-貝拉格
HU_Somogy|紹莫吉
HU_Gyor-Moson-Sopron|傑爾-莫松-肖普朗
HU_Fejer|費耶爾
HU_Hajdu-Bihar|豪伊杜-比豪尔
HU_Heves|赫維什
HU_Veszprem|維斯普雷姆
HU_Nograd|諾格拉德
HU_Csongrad|瓊格拉德
IQ|伊拉克
IR|伊朗
IN|印度
IN_Margao|马尔高
IN_Varanasi|瓦拉纳西
IN_Baroda|巴罗达
IN_Patna|巴特那
IN_Kolhapur|戈尔
IN_Vellore|韦洛尔
IN_Gwalior|瓜廖尔
IN_Gandhinagar|甘地讷格尔
IN_Ranchi|兰契
IN_Bhubaneswar|布巴内斯瓦尔
IN_Ahmedabad|艾哈迈达巴德
IN_Aizawl|艾藻尔
IN_Kolkata|加尔各答
IN_Ghaziabad|加济阿巴德
IN_Pondicherry|本地治裏
IN_Ludhiana|卢迪亚纳
IN_Guwahati|古瓦哈提
IN_Gurgaon|古尔加翁
IN_Nagpur|那格浦尔
IN_Nasik|邦纳西克
IN_Siliguri|西里古里
IN_Shillong|西隆
IN_Mangalore|芒格洛尔
IN_Imphal|因帕爾
IN_Indore|印多爾
IN_Mysore|迈索尔
IN_Cuttack|克塔克
IN_Agartala|阿加尔塔拉
IN_Aligarh|阿里格尔
IN_Amritsar|阿姆利则
IN_Allahabad|阿拉哈巴德
IN_Agra|阿格拉
IN_Sura|苏拉
IN_Kanpur|坎普尔
IN_Durgapur|杜加浦
IN_Faridabad|法里达巴德
IN_Bokaro|波卡罗
IN_Chennai|金奈
IN_Chandigarh|昌迪加爾
IN_Rajkot|拉杰果德
IN_Mumbai|孟买
IN_Goa|果阿
IN_Dimapur|迪马普尔
IN_Cochin|科钦
IN_Jammu|查谟
IN_Udaipur|烏代布爾
IN_Coimbatore|哥印拜陀
IN_Jamnagar|贾姆纳格尔
IN_Jullundhar|贾朗达尔
IN_Pune|浦那
IN_Hyderabad|海德拉巴
IN_Madurai|馬杜賴
IN_Thiruvananthapuram|特里凡得琅
IN_Bangalore|班加羅爾
IN_Noida|诺伊达
IN_Lucknow|勒克瑙
IN_Vijayawada|维杰亚瓦达
IN_Thane|塔那
IN_Rourkela|鲁尔克拉
IN_Tiruchirappalli|蒂鲁吉拉伯利
IN_Jodhpur|焦特布爾
IN_Aurangabad|奥兰加巴德
IN_Srinagar|斯利那加
IN_Bhopal|博帕爾
IN_Secunderabad|塞康德拉巴德
IN_Salem|塞勒姆
IN_Jabalpur|賈巴爾普爾
IN_Raipur|赖布尔
IN_New Delhi|新德里
IN_Jamshedpur|詹谢普尔
IN_Visakhapatnam|維沙哈巴南
IN_Panjim|潘吉姆
IN_Dehradun|德拉敦
IN_Jaipur|齋普爾
ID|印度尼西亞
ID_Daerah Tingkat I Kalimantan Barat|大雅加達首都特區
ID_Daerah Istimewa Yogyakarta|日惹特區
ID_Bali|巴厘
ID_Java Tengah|中爪哇
ID_Kalimantan Tengah|中加里曼丹
ID_Sulawesi Tengah|中蘇拉威西
ID_Sumatera Utara|北蘇門答臘
ID_Sulawesi Utara|北蘇拉威西
ID_Jambi|占碑
ID_Kepulauan Bangka Belitung|邦加－勿裏洞群島
ID_Java Barat|西爪哇
ID_Nusa Tenggara Barat|西努沙登加拉
ID_Sumatera Barat|西蘇門答臘
ID_Irian Jaya|伊裏安查亞
ID_Bengkulu|明古魯
ID_Aceh|亞齊
ID_Java Timur|東爪哇
ID_Kalimantan Timur|東加里曼丹
ID_Nusa Tenggara Timur|東努沙登加拉
ID_Sulawesi Tenggara|東南蘇拉威西
ID_Kalimantan Selatan|南加里曼丹
ID_Sumatera Selatan|南蘇門答臘
ID_Sulawesi Selatan|南蘇拉威西
ID_Maluku|馬魯古
ID_Banten|萬丹
ID_Jakarta Raya|雅加達
ID_Lampung|楠榜
ID_Riau|廖內
AG|安地卡及巴布達
AO|安哥拉
AO_Bie|比耶
AO_Lunda Norte|北隆達
AO_Cuanza Norte|北寬紮
AO_Bengo|本戈
AO_Benguela|本格拉
AO_Cabinda|卡賓達
AO_Huila|威拉
AO_Uige|威熱
AO_Lunda Sul|南隆達
AO_Cuanza Sul|南寬紮
AO_Namibe|納米貝
AO_Malanje|馬蘭熱
AO_Cunene|庫內內
AO_Moxico|莫希科
AO_Huambo|萬博
AO_Cuando Cubango|寬多庫邦戈
AO_Zaire|薩伊
AO_Luanda|羅安達
AD|安道爾
SA|沙特阿拉伯
SA_Al Bahah|巴哈
SA_Buraydah|布賴代
SA_Abha|艾卜哈
SA_Jiddah|吉達
SA_Jizan|吉贊
SA_Yanbu al-Bahr|延布
SA_Riyad|利雅得
SA_Al Kharj|阿尔卡里
SA_Al Jubail|阿尔朱拜勒
SA_Al Mubarraz|阿尔姆巴拉兹
SA_Al Hofuf|阿尔胡富夫
SA_Arar|阿爾阿爾
SA_Hail|哈伊勒
SA_Hafar al-Batin|哈費爾巴廷
SA_Najran|納季蘭
SA_Khamis Mushayt|海米斯穆謝特
SA_Makkah|麥加
SA_Medina|麥迪那
SA_Tabuk|塔布克
SA_At Tarif|塔伊夫
SA_Dammam|達曼
SA_Sakaka|塞卡卡
BJ|貝寧
HR|克羅地亞
GR|希臘
LY|利比亞
LR|利比理亞
AE|阿拉伯聯合酋長國
AE_Al l'Ayn|艾因
AE_Ash Shariqah|沙迦
AE_Abu Dhabi|阿布扎比
AE_Dubayy|迪拜
AR|阿根廷
AR_Neuquen|內烏肯
AR_Parana|巴拉那　
AR_Buenos Aires|布宜諾賽勒斯
AR_Bahia Blanca|布蘭卡港
AR_Catamarca|卡塔馬卡
AR_Villa Krause|克勞斯城
AR_Rio Gallegos|里奧戈耶斯省
AR_Viedma|別德馬
AR_Concordia|肯考迪婭
AR_Posadas|波薩達斯
AR_Mendoza|門多薩
AR_La Rioja|拉里奧哈
AR_La Plata|拉普拉塔
AR_Jujuy|胡胡伊
AR_Corrientes|科達特斯
AR_Cordoba|科爾多瓦
AR_Ushuaia|烏斯懷亞
AR_Mar del Plata|馬德普拉塔
AR_Trelew|特雷利烏
AR_San Nicolas|聖尼古拉斯
AR_San Miguel de Tucuman|聖米格爾-德圖庫曼
AR_Santiago del Estero|聖地牙哥-德爾埃斯特羅
AR_San Rafael|聖拉菲爾
AR_San Juan|聖胡安　
AR_Santa Fe|聖菲　
AR_San Luis|聖路易斯
AR_Santa Rosa|聖羅莎
AR_Comodoro Rivadavia|裏瓦達維亞海軍準將城
AR_Rio Cuarto|裏奧誇爾托
AR_Formosa|福莫薩
AR_Resistencia|雷西斯滕匹亞
AR_Salta|薩爾塔
AR_Rawson|羅森
AR_Rosario|羅薩里奧
OM|阿曼
AZ|阿塞拜疆
AL|阿爾巴尼亞
DZ|阿爾及利亞
AW|阿魯巴
FI|芬蘭
ZM|尚比亞
GM|岡比亞
KE|肯尼亞
FR|法國
FR_Valence|瓦朗斯
FR_Paris|巴黎
FR_Nice|尼斯
FR_Aix-en-Provence|艾克斯
FR_Frejus|弗雷瑞斯
FR_Caen|卡昂
FR_Chalons-en-Champagne|沙隆
FR_Besancon|貝桑松
FR_Lyon|里昂
FR_Lille|里爾
FR_Limoges|利摩日
FR_Ajaccio|阿雅克修
FR_Arles|阿爾勒
FR_Amiens|亞眠
FR_Nantes|南特
FR_Marseille|馬賽
FR_Metz|梅斯
FR_Dijon|第戎
FR_Montpellier|蒙彼利埃
FR_Rennes|雷恩
FR_Orleans|奧爾良
FR_Toulouse|圖盧茲
FR_Rouen|盧昂
PR|波多黎各
PL|波蘭
VE|委內瑞拉
VE_Barinas|巴里納斯
VE_Guarico|瓜裏科
VE_Caracas|加拉加斯
VE_Carabobo|卡拉沃沃
VE_Miranda|米蘭達
VE_Anzoategui|安索阿特吉
VE_Aragua|阿拉瓜
VE_Delta Amacuro|阿馬庫羅三角洲
VE_Apure|阿普雷
VE_Falcon|法爾孔
VE_Portuguesa|波圖格薩
VE_Yaracuy|亞拉奎
VE_Amazonas|亞馬孫
VE_Lara|拉臘
VE_Cojedes|科赫德斯
VE_Bolivar|玻利瓦爾省
VE_Trujillo|特魯希略
VE_Monagas|莫納加斯
VE_Merida|梅里達
VE_Tachira|塔奇拉
VE_Estado Nueva Esparta|新埃斯帕塔
VE_Dependencias Federales|聯邦屬地
VE_Sucre|蘇克雷
VE_Zulia|蘇利亞
PW|帕勞群島
SB|所羅門群島
AM|亞美尼亞
LV|拉脫維亞
GB|英國
GB_Northern Ireland|北愛爾蘭
GB_Northern Ireland_Belfast|貝爾法斯特
GB_Northern Ireland_Lisburn|利斯本
GB_Northern Ireland_Newry|紐裏
GB_Northern Ireland_Derry|德里
GB_England|英格兰
GB_England_Bath|巴斯
GB_England_Oxford|牛津
GB_England_Bristol|布里斯托爾
GB_England_Bradford|布拉德福德
GB_England_Brighton & Hove|布萊頓霍夫
GB_England_Carlisle|卡萊爾
GB_England_Coventry|考文垂
GB_England_Leicester|列斯特
GB_England_Ely|伊利
GB_England_Worcester|伍斯特
GB_England_Wolverhampton|伍爾弗漢普頓
GB_England_Portsmouth|朴茨茅斯
GB_England_Lichfield|利奇菲爾德
GB_England_Liverpool|利物浦
GB_England_Leeds|利茲
GB_England_Birmingham|伯明罕
GB_England_Canterbury|坎特伯雷
GB_England_Chichester|奇賈斯特
GB_England_Peterborough|彼得伯勒
GB_England_Lincoln|林肯
GB_England_York|約克
GB_England_Wells|威爾斯
GB_England_Southampton|南安普敦
GB_England_Wakefield|韋克菲爾德
GB_England_London|倫敦
GB_England_Gloucester|格洛斯特
GB_England_Sunderland|桑德蘭
GB_England_Newcastle|紐卡斯爾
GB_England_Salford|索福特
GB_England_Salisbury|索爾斯堡
GB_England_Stoke-on-Trent|特倫特河畔斯多克
GB_England_Truro|特魯羅
GB_England_Exeter|埃克塞特
GB_England_Manchester|曼徹斯特
GB_England_Plymouth|普利茅斯
GB_England_Preston|普勒斯頓
GB_England_Saint Albans|聖阿本斯
GB_England_Chester|賈斯特
GB_England_Ripon|裏彭
GB_England_Winchester|溫徹斯特
GB_England_Hereford|赫裏福德
GB_England_Kingston upon Hull|赫爾河畔京斯敦
GB_England_Cambridge|劍橋
GB_England_Nottingham|諾丁漢
GB_England_Norwich|諾里奇
GB_England_Derby|德比
GB_England_Durham|德罕
GB_England_Sheffield|謝菲爾德
GB_England_Lancaster|蘭開斯特
GB_Wales|威尔士
GB_Wales_Cardiff|卡迪夫
GB_Wales_Newport|紐波特
GB_Wales_Bangor|班戈
GB_Wales_Swansea|斯旺西
GB_Scotland|蘇格蘭
GB_Scotland_Dundee|丹迪
GB_Scotland_Inverness|因弗內斯
GB_Scotland_Aberdeen|亞伯丁
GB_Scotland_Glasgow|格拉斯哥
GB_Scotland_Stirling|斯特靈
GB_Scotland_Edinburgh|愛丁堡
GI|直布羅陀
MR|茅利塔尼亞
BD|孟加拉國
TZ|坦桑尼亞
KZ|哈薩克斯坦
JO|約旦
HN|洪都拉斯
HK|香港
HK_Kowloon City|九龍城區
HK_Tai Po|大埔區
HK_Tuen Mun|屯門區
HK_Yuen Long|元朗區
HK_Central and Western|中西區
HK_North|北區
HK_Sai Kung|西貢區
HK_Sha Tin|沙田區
HK_Yau Tsim Mong|油尖旺區
HK_Eastern|東區
HK_Tsuen Wan|荃灣區
HK_Southern|南區
HK_Sham Shui Po|深水埗區
HK_Wong Tai Sin|黃大仙區
HK_Kwai Tsing|葵青區
HK_Islands|離島區
HK_Kwun Tong|觀塘區
HK_Wan Chai|灣仔區
KW|科威特
NO|挪威
ZA|南非
ZA_Nelspruit|內爾斯普雷特
ZA_Bisho|比索
ZA_Pretoria|比勒陀利亞
ZA_Nylstroom|尼爾斯特隆
ZA_Bloemfontein|布隆方丹
ZA_Bronkhorstspruit|布隆克斯特斯普利特
ZA_Bredasdorp|布雷達斯多普
ZA_Mount Ayliff|艾利弗山
ZA_Vereeniging|弗裏尼欣
ZA_Vryburg|弗雷堡
ZA_Middelburg|米德爾堡
ZA_Beaufort West|西博福特
ZA_Thohoyandou|托霍延杜
ZA_Port Elizabeth|伊麗沙伯港
ZA_Worcester|伍斯特
ZA_Klerksdorp|克萊克斯多普
ZA_Rustenburg|利斯滕堡
ZA_Upington|阿平頓
ZA_Mkuze|姆庫澤
ZA_Kimberley|金伯利
ZA_Queenstown|昆士敦
ZA_Barkley East|東巴克利
ZA_East London|東倫敦
ZA_Pietermaritzburg|彼德馬里茨堡
ZA_Pietersburg|彼德斯堡
ZA_Johannesburg|約翰尼斯堡
ZA_Witsieshoek|韋茨肖克
ZA_Welkom|韋爾科姆
ZA_Groblersdal|格羅布萊斯達爾
ZA_Umtata|烏姆塔塔
ZA_Ulundi|烏倫迪
ZA_Newcastle|紐卡斯爾
ZA_Ixopo|特克索波
ZA_Trompsburg|特隆普斯堡
ZA_Kuruman|庫魯曼
ZA_Richards Bay|理查茲灣
ZA_Ladysmith|萊迪史密斯
ZA_Giyani|基雅尼
ZA_Cape Town|開普敦
ZA_George|喬治
ZA_Secunda|瑟孔達
ZA_Springbok|跳羚
ZA_Dundee|鄧迪
ZA_Thulamahashe|圖拉馬哈謝
ZA_De Aar|德阿爾
ZA_Durban|德班
ZA_Sasolburg|薩索爾堡
ZA_Moorreesburg|穆裏斯堡
ZA_Port Shepstone|謝普斯通港
ZA_Randfontein|蘭德方丹
US|美國
US_Nebraska|內布拉斯加
US_Nebraska_Bellevue|貝爾維尤
US_Nebraska_Lincoln|林肯
US_Nebraska_Omaha|奧馬哈
US_Nevada|內華達州
US_Nevada_North Las Vegas|北拉斯維加斯
US_Nevada_Carson City|卡森城
US_Nevada_Reno|里諾
US_Nevada_Henderson|亨德森
US_Nevada_Virginia City|佛吉尼亞城
US_Nevada_Las Vegas|拉斯維加斯
US_Nevada_Elko|埃爾科
US_Nevada_Sparks|斯帕克斯
US_Tennessee|田納西
US_Tennessee_Smyrna|士麥那
US_Tennessee_Tri-City Area|三城區
US_Tennessee_Bristol|布利斯托
US_Tennessee_Kingsport|金斯波特
US_Tennessee_Memphis|孟菲斯
US_Tennessee_Chattanooga|查塔努加
US_Tennessee_Nashville|納什維爾
US_Tennessee_Spring Hill|斯普林希爾
US_Tennessee_Johnson City|詹森城
US_Tennessee_Knoxville|諾克斯維爾
US_California|加利福尼亞
US_California_San Francisco|三藩市
US_California_Los Angeles|洛杉磯
US_California_San Jose|聖何塞
US_California_San Diego|聖達戈
US_North Carolina|北卡羅來納
US_North Carolina_Asheville|艾許維爾
US_North Carolina_Durham|杜罕
US_North Carolina_Raleigh-Durham|洛利杜罕都會區
US_North Carolina_Greensboro|格林斯伯勒
US_North Carolina_Charlotte|夏洛特
US_North Carolina_Chapel Hill|教堂山
US_North Carolina_Raleigh|羅利
US_North Dakota|北達科他
US_North Dakota_Grand Forks|大福克斯
US_North Dakota_Fargo|法戈
US_North Dakota_Bismarck|俾斯麥
US_North Dakota_Minot|邁諾特
US_West Virginia|西佛吉尼亞
US_West Virginia_Huntington|亨廷頓
US_West Virginia_Parkersburg|帕克斯堡
US_West Virginia_Charleston|查爾斯頓
US_Illinois|伊利諾斯州
US_Illinois_Danville|丹維尓
US_Illinois_Champaign-Urbana|厄巴納-香檳
US_Illinois_Bloomington|布隆明頓
US_Illinois_Peoria|皮奧里亞
US_Illinois_Carbondale|卡本代爾
US_Illinois_Chicago|芝加哥
US_Illinois_Waukegan|沃其根
US_Illinois_East St Louis|東聖路易斯
US_Illinois_De Kalb|迪卡爾布
US_Illinois_Decatur|迪凱特
US_Illinois_Centralia|森特勒利亞
US_Illinois_Springfield|斯普林菲爾德
US_Illinois_Galesburg|蓋爾斯堡
US_Illinois_Alton|奧爾頓
US_Illinois_Aurora|奧羅拉
US_Illinois_Normal|諾黙爾
US_Illinois_Rock Island|羅克艾蘭
US_Illinois_Rockford|羅克福德
US_Indiana|印第安那
US_Indiana_Indianapolis|印弟安納波里斯
US_Indiana_Fort Wayne|韋恩堡
US_Indiana_Evansville|埃文斯維爾
US_Arkansas|阿肯色
US_Arkansas_Little Rock|小石城
US_Arkansas_Fort Smith|史密斯堡
US_Arkansas_Fayetteville|菲耶特維爾
US_Alabama|阿拉巴馬
US_Alabama_Birmingham|伯明罕
US_Alabama_Mobile|莫比爾
US_Alabama_Montgomery|蒙哥馬利
US_Alaska|阿拉斯加
US_Alaska_Juneau|朱諾
US_Alaska_Anchorage|安克雷奇
US_Alaska_Fairbanks|費爾班克斯
US_Georgia|佐治亞
US_Georgia_Savannah|沙瓦納
US_Georgia_Atlanta|亞特蘭大
US_Georgia_Columbus|哥倫布
US_Georgia_Macon|梅肯
US_Georgia_Augusta|奧古斯塔
US_Vermont|佛蒙特
US_Vermont_Burlington|伯靈頓
US_Vermont_Rutland|拉特蘭
US_Vermont_South Burlington|南伯靈頓
US_Florida|佛羅里達
US_Florida_Cape Canaveral?|卡納維拉爾角
US_Florida_Tampa|坦帕
US_Florida_Key West|基韋斯特
US_Florida_Tallahassee|達拉哈西
US_Florida_Jacksonville|傑克遜維爾
US_Florida_St. Petersburg|聖彼德斯堡市
US_Florida_Orlando|奧蘭多
US_Florida_Miami|邁阿密
US_Florida_Fort Lauderdale|羅德岱堡
US_Kentucky|肯塔基
US_Kentucky_Lexington|列克星敦
US_Kentucky_Louisville|路易斯維爾
US_Kentucky_Owensboro|歐文思伯勒
US_Minnesota|明尼蘇達
US_Minnesota_Minneapolis|明尼阿波利斯
US_Minnesota_Saint Paul|聖保羅
US_Minnesota_Rochester|羅切斯特
US_Arizona|亞利桑那
US_Arizona_Scottsdale|史卡茲代爾
US_Arizona_Tempe|坦普
US_Arizona_Glendale|格蘭代爾
US_Arizona_Mesa|梅薩山
US_Arizona_Phoenix|鳳凰城
US_Arizona_Tucson|圖森
US_Arizona_Yuma|優瑪
US_Colorado|科羅拉多
US_Colorado_Grand Junction|大章克興
US_Colorado_Denver|丹佛
US_Colorado_Aspen|阿斯彭
US_Colorado_Colorado Springs|科羅拉多斯普林斯
US_Colorado_Vail|韋爾
US_Colorado_Fort Collins|柯林斯堡
US_Colorado_Boulder|博爾德
US_Colorado_Aurora|奧羅拉
US_Wisconsin|威斯康星
US_Wisconsin_Wausau|沃索
US_Wisconsin_Sheboygan|希博伊根
US_Wisconsin_Appleton|阿普尓頓
US_Wisconsin_Lacrosse|拉克羅斯
US_Wisconsin_Racine|拉辛
US_Wisconsin_Green Bay|格林灣
US_Wisconsin_Manitowoc|馬尼托沃克
US_Wisconsin_Milwaukee|密爾沃基
US_Wisconsin_Kenosha|基諾沙
US_Wisconsin_Oshkosh|奧什科什
US_Wisconsin_Madison|邁迪遜
US_Wisconsin_Eau Claire|歐克萊尓
US_South Carolina|南卡羅來納
US_South Carolina_North Charleston|北查爾斯頓
US_South Carolina_Charleston|查爾斯頓
US_South Carolina_Columbia|哥倫比亞
US_South Dakota|南達科他
US_South Dakota_Aberdeen|亞伯丁
US_South Dakota_Rapid City|拉皮德城
US_South Dakota_Sioux Falls|蘇福爾斯
US_Ohio|俄亥俄
US_Ohio_Dayton|代頓
US_Ohio_Toledo|托萊多
US_Ohio_Cleveland|克利夫蘭
US_Ohio_Cincinnati|辛辛那提
US_Ohio_Columbus|哥倫布
US_Oregon|俄勒岡
US_Oregon_Eugene|尤金
US_Oregon_Crater Lake|火山口湖
US_Oregon_Bend|本德
US_Oregon_Portland|波特蘭
US_Oregon_Hood River|胡德里弗
US_Oregon_Corvallis|科瓦利斯
US_Oregon_Grant's Pass|格蘭茲帕斯
US_Oregon_Coos Bay|庫斯貝
US_Oregon_Medford|梅德福
US_Oregon_Dallas|達拉斯
US_Oregon_The Dalles|達爾斯
US_Oregon_Tillamook|蒂拉穆克
US_Oregon_Springfield|斯普林菲爾德
US_Oregon_St Helens|聖海倫斯
US_Oregon_Salem|賽勒姆
US_District of Columbia|哥倫比亞特區
US_District of Columbia_Washington D.C.|華盛頓哥倫比亞特區
US_Hawaii|夏威夷
US_Hawaii_Hilo|希洛
US_Hawaii_Kailua|凱盧阿
US_Hawaii_Honolulu|檀香山
US_New York|紐約
US_New York_Buffalo|布法羅
US_New York_New York|紐約市
US_New York_Rochester|羅切斯特
US_Maryland|馬里蘭
US_Maryland_Balitmore|巴爾的摩
US_Maryland_Gaithersburg|蓋瑟斯堡
US_Maryland_Rockville|羅克維爾
US_Delaware|特拉華
US_Delaware_Dover|多佛
US_Delaware_Wilmington|威明頓
US_Delaware_Newark|紐華克
US_Washington|華盛頓
US_Washington_Seattle|西雅圖
US_Washington_Tacoma|塔科馬
US_Washington_Spokane|斯波坎
US_Connecticut|康涅狄格
US_Connecticut_Bridgeport|布里奇波特
US_Connecticut_Middletown|米德爾頓
US_Connecticut_Waterbury|沃特伯裏
US_Connecticut_Hartford|哈特福德
US_Connecticut_Westport|韋斯特波特
US_Connecticut_Greenwich|格林尼治
US_Connecticut_New Haven|紐黑文
US_Connecticut_Darien|達裏恩
US_Connecticut_New Britain|新不列顛
US_Massachusetts|麻塞諸塞
US_Massachusetts_Worcester|伍斯特
US_Massachusetts_Boston|波士頓
US_Massachusetts_Springfield|斯普林菲爾德
US_Mississippi|密西西比
US_Mississippi_Biloxi|比洛西克
US_Mississippi_Hattiesburg|哈蒂斯堡
US_Mississippi_Greenville|格林維爾
US_Mississippi_Gulfport|格爾夫波特
US_Mississippi_Jackson|傑克遜
US_Mississippi_Vicksburg|維克斯堡
US_Mississippi_Meridian|默里迪恩
US_Michigan|密歇根
US_Michigan_Battle Creek|巴特爾克里克
US_Michigan_Flint|弗林特
US_Michigan_Kalamazoo|卡拉馬袓
US_Michigan_Port Huron|休倫港
US_Michigan_Ann Arbor|安娜堡
US_Michigan_Warren|沃倫
US_Michigan_Bay City|貝城
US_Michigan_Detroit|底特律
US_Michigan_Dearborn|迪爾伯恩
US_Michigan_Grand Rapids|急流城
US_Michigan_Muskegon|馬斯基根
US_Michigan_Saginaw|薩吉諾
US_Michigan_Wyandotte|懷恩多特
US_Michigan_Sault Ste Marie|蘇聖瑪麗
US_Michigan_Pontiac|龐菷亞克
US_Michigan_Lansing|蘭辛
US_Missouri|密蘇裏
US_Missouri_Kansas City|坎薩斯城
US_Missouri_Columbia|哥倫比亞
US_Missouri_Jefferson City|傑佛遜市
US_Missouri_Springfield|斯普林菲爾德
US_Missouri_Saint Louis|聖路易斯
US_Kansas|堪薩斯
US_Kansas_Topeka|托皮卡
US_Kansas_Abilene|阿比林
US_Kansas_Kansas City|坎薩斯城
US_Kansas_Hutchinson|哈欽森
US_Kansas_Wichita|威奇托
US_Kansas_Leavenworth|萊文沃思
US_Kansas_Manhattan|曼哈頓
US_Kansas_Lawrence|勞倫斯
US_Kansas_Overland Park|奧弗蘭公園
US_Utah|猶他
US_Utah_West Valley City|西瓦利城
US_Utah_Park City|派克城
US_Utah_Provo|普羅沃
US_Utah_St.George|聖喬治
US_Utah_Layton|雷登
US_Utah_Ogden|奧格登
US_Utah_Orem|歐仁
US_Utah_Salt Lake City|鹽湖城
US_Montana|蒙大拿
US_Montana_Great Falls|大瀑布村
US_Montana_Billings|比林茲
US_Montana_Missoula|米蘇拉
US_Iowa|愛荷華
US_Iowa_Des Moines|得梅因
US_Iowa_Davenport|達文波特
US_Iowa_Cedar Rapids|錫特拉皮茲
US_Idaho|愛達荷州
US_Idaho_Blackfoot|布萊克富特
US_Idaho_Pocatello|波卡特洛
US_Idaho_American Falls|亞美利加瀑布城
US_Idaho_Coeur d'Alene|科達倫
US_Idaho_Ketchum|豈徹姆
US_Idaho_Moscow|莫斯科
US_Idaho_Sun Valley|森瓦利
US_Idaho_Boise|博伊西
US_Idaho_Idaho Falls|愛達荷福爾斯
US_Idaho_Nampa|楠帕
US_Idaho_Murphy|墨菲
US_Idaho_Lewiston|劉易斯頓
US_New Hampshire|新罕布夏
US_New Hampshire_Nashua|納舒厄
US_New Hampshire_Concord|康科特
US_New Hampshire_Manchester|曼徹斯特
US_New Mexico|新墨西哥
US_New Mexico_Albuquerque|阿爾伯克爾基
US_New Mexico_Las Cruces|拉斯克魯塞斯
US_New Mexico_Santa Fe|聖菲
US_New Mexico_Roswell|羅茲韋爾
US_New Jersey|新澤西
US_New Jersey_Paterson|派特森
US_New Jersey_Newark|紐華克
US_New Jersey_Jersey City|澤西城
US_Louisiana|路易斯安那
US_Louisiana_Baton Rouge|巴吞魯日
US_Louisiana_Shreveport|什里夫波特
US_Louisiana_New Orleans|新奧爾良
US_Pennsylvania|賓夕法尼亞
US_Pennsylvania_Pittsburgh|匹茲堡
US_Pennsylvania_Allentown|亞蘭敦
US_Pennsylvania_Philadephia|費城
US_Oklahoma|奧克拉荷馬
US_Oklahoma_Tulsa|塔爾薩
US_Oklahoma_Oklahoma City|奧克拉荷馬城
US_Oklahoma_Norman|諾曼
US_Virginia|維吉尼亞
US_Virginia_Chesapeake|切薩皮克
US_Virginia_Virginia Beach|佛吉尼亞比奇
US_Virginia_Norfolk|諾福克
US_Maine|緬因
US_Maine_Portland|波特蘭
US_Maine_Bangor|班戈
US_Maine_Lewiston|劉易斯頓
US_Texas|德州
US_Texas_Galveston|交維斯頓
US_Texas_Houston|休士頓
US_Texas_Laredo|拉雷多
US_Texas_Corpus Christi|哥帕斯基斯蒂
US_Texas_El Paso|埃爾帕索
US_Texas_Mcallen|麥卡倫
US_Texas_Dallas|達拉斯
US_Texas_San Antonio|聖安東尼奧
US_Texas_Austin|奧斯丁
US_Wyoming|懷俄明州
US_Wyoming_Casper|卡斯帕
US_Wyoming_Laramie|拉勒米
US_Wyoming_Cheyenne|夏延
US_Wyoming_Evanston|埃文斯頓
US_Wyoming_Sheridan|謝里登
US_Wyoming_Rock Springs|羅克斯普林
US_Rhode Island|羅德島
US_Rhode Island_Woonsocket|文索基特
US_Rhode Island_Warwick|沃威克
US_Rhode Island_Cranston|克蘭斯頓
US_Rhode Island_Pawtucket|波塔基特
US_Rhode Island_Westerly|韋斯特利
US_Rhode Island_Newport|紐波特
US_Rhode Island_Providence|普羅維登斯
BO|玻利維亞
RU|俄羅斯
RU_Niznij Novgorod|下諾夫哥羅德
RU_Barnaul|巴爾瑙爾
RU_Cheboksary|切博克薩雷
RU_Cherkessk|切爾克斯克
RU_Gorno-Altajsk|戈爾諾－阿勒泰斯克
RU_Birobidzan|比羅比詹
RU_Bryansk|布良斯克
RU_Blagoveshchensk|布拉戈維申斯克
RU_Elista|艾理斯塔
RU_Kaliningrad|加里寧格勒
RU_Vladikavkaz|弗拉季高加索
RU_Vladimir|弗拉基米爾
RU_Kaluga|卡盧加
RU_Tomsk|托木斯克
RU_Ivanovo|伊萬諾沃
RU_Irkutsk|伊爾庫茨克
RU_Izhevsk|伊熱夫斯克
RU_Volgograd|伏爾加格勒
RU_Vologda|沃洛格達
RU_Voronezh|沃羅涅什
RU_Kyzyl|克孜勒
RU_Krasnojarsk|克拉斯諾亞爾斯克
RU_Krasnodar|克拉斯諾達爾
RU_Kemerovo|克麥羅沃
RU_Chita|赤塔
RU_Belgorod|別爾哥羅德
RU_Lipeck|利佩茨克
RU_Abakan|阿巴坎
RU_Aginskoye|阿金斯科耶
RU_Anadyr|阿納德爾
RU_Astrakhan|阿斯特拉罕
RU_Arkhangelsk|阿爾漢格爾斯克
RU_Chelyabinsk|車裏雅賓斯克
RU_Chabarovsk|伯力
RU_Penza|奔薩
RU_Palana|帕拉納
RU_Jakutsk|亞庫次克
RU_Tambov|坦波夫
RU_Petropavlovsk-Kamchatskiy|彼得羅巴甫洛夫斯克
RU_Petrozavodsk|彼得羅紮沃茨克
RU_Perm|彼爾姆
RU_Yoshkar-Ola|約什卡爾奧拉
RU_Tyumen|秋明
RU_Kostroma|科斯特羅馬
RU_Juzno-Sachalinsk|南薩哈林斯克
RU_Grozny|格羅茲尼
RU_Ufa|烏法
RU_Ust-Ordynsky|烏斯季奧爾登斯基
RU_Uljanovsk|烏裏揚諾夫斯克
RU_Ulan-Ude|烏蘭烏德
RU_Naryan-Mar|納裏揚馬爾
RU_Nalchik|納爾奇克
RU_Magadan|馬加丹
RU_Magas|馬加斯
RU_Makhachkala|馬哈奇卡拉
RU_Tver|特維爾
RU_Kursk|庫爾斯克
RU_Kurgan|庫爾幹
RU_Kudymkar|庫德姆卡爾
RU_Moscow|莫斯科
RU_Ryazan|梁贊
RU_Omsk|鄂木斯克
RU_Vladivostok|符拉迪沃斯托克
RU_Kirov|基洛夫
RU_Jekaterinburg|葉卡捷林堡
RU_Kazan|喀山
RU_Stavropol|斯塔夫羅波爾
RU_Smolensk|斯摩棱斯克
RU_Pskov|普斯科夫
RU_Jaroslavl|雅羅斯拉夫爾
RU_Rostov-na-Donu|頓河畔羅斯托夫
RU_St. Peterburg|聖彼德堡
RU_Syktyvkar|瑟克特夫卡爾
RU_Novosibirsk|新西伯利亞
RU_Orenburg|奧倫堡
RU_Orel|奧廖爾
RU_Tula|圖拉
RU_Khanty-Mansiysk|漢特－曼西斯克
RU_Murmansk|摩爾曼斯克
RU_Maykop|邁科普
RU_Velikij Novgorod|諾夫哥羅德
RU_Salekhard|薩列哈爾德
RU_Saratov|薩拉托夫
RU_Samara|薩馬拉
RU_Saransk|薩蘭斯克
BG|保加利亞
KH|柬埔寨
KH_Stoeng Treng|上丁
KH_Kaoh Kong|戈公
KH_Krong Keb|白馬市
KH_Krong Preah|西哈努克市
KH_Prey Veng|波羅勉
KH_Phnum Penh|金邊市
KH_Krong Pailin|拜林市
KH_Takev|茶膠
KH_Preah Vihear|柏威夏
KH_Kracheh|桔井
KH_Kampot|貢布
KH_Bat Dambang|馬德望
KH_Banteay Mean Chey|班迭棉吉
KH_Svay Rieng|柴楨
KH_Pouth sat|菩薩
KH_Mondol Kiri|蒙多基裏
KH_Kandal|幹丹
KH_Otdar Mean Chey|奧多棉吉
KH_Kampong Spoe|磅士卑
KH_Kampong Thum|磅同
KH_Kampong Chhnang|磅清揚
KH_Kampong Cham|磅湛
KH_Siem Reab|暹粒
KH_Rotanak Kiri|臘塔納基裏
GD|格林伍德
GG|格恩西島
GL|格陵蘭
UG|烏干達
UA|烏克蘭
UA_Vinnytsya|文尼察
UA_Zhytomyr|日托米爾
UA_Chernihiv|切爾尼戈夫
UA_Cherkasy|切爾卡瑟
UA_Chernivtsi|切爾諾夫策
UA_Mykolayiv|尼古拉耶夫
UA_Zakarpatska|外喀爾巴阡
UA_Ivano-Frankivsk|伊萬－弗蘭科夫州
UA_Volyn|沃倫
UA_Respublika Krym|克裏米亞自治共和國
UA_Lviv|利沃夫
UA_Poltava|波爾塔瓦
UA_Kharkiv|哈爾科夫
UA_Zaporizhzhya|紮波羅熱
UA_Dnipropetrovsk|第聶伯羅波得羅夫斯克
UA_Ternopil|捷爾諾波爾
UA_Kirovohrad|基洛夫格勒
UA_Kyiv|基輔
UA_Donetsk|頓涅茨克
UA_Odessa|奧德薩
UA_Khmelnytsky|赫梅利尼茨基
UA_Khersonsrka|赫爾松州
UA_Luhansk|盧甘斯克
UA_Sumy|蘇梅
UA_Rivne|羅夫諾
UY|烏拉圭
UZ|烏茲別克斯坦
CO|哥倫比亞
CR|哥斯大黎加
TH|泰國
TH_Phra Nakhon Si Ayutthaya|大城
TH_Yala|也拉
TH_Pathum Thani|巴吞他尼
TH_Prachin Buri|巴真
TH_Prachuap Khiri Khan|巴蜀
TH_Khon Kaen|孔敬
TH_Kamphaeng Phet|甘烹碧
TH_Krabi|甲米
TH_Kalasin|加拉信
TH_Si sa ket|四色菊
TH_Pattani|北大年
TH_Chachoengsao|北柳
TH_Kanchanaburi|北碧
TH_Saraburi|北標
TH_Samut Prakan|北攬
TH_Nakhon Sawan|北欖坡
TH_Ratchaburi|叻丕
TH_Chanthaburi|尖竹汶
TH_Nakhon Nayok|那空那育
TH_Nakhon Phanom|那空帕農
TH_Sakon Nakhon|色軍
TH_Amnat Charoen|安納乍能
TH_Satun|沙敦
TH_Sa Kaeo|沙繳
TH_Phetchaburi|佛丕
TH_Nakhon Pathom|佛統
TH_Songkhla|宋卡
TH_Yasothon|耶梭通
TH_Samut Songkhram|夜功
TH_Mae Hong Son|夜豐頌
TH_Phrae|帕
TH_Phayao|帕堯
TH_Phichit|披集
TH_Rayong|拉農
TH_Buri Ram|武裏南
TH_Ang Thong|紅統
TH_Nakhon Si Thammarat|洛坤
TH_Chon Buri|春武裏
TH_Chumphon|春蓬
TH_Lamphun|南奔
TH_Sing Buri|信武裏
TH_Ubon Ratchathani|烏汶
TH_Uthai Thani|烏泰他尼
TH_Udon Thani|烏隆
TH_Sukhothai|素可泰
TH_Surat Thani|素叻
TH_Surin|素林
TH_Suphan Buri|素攀武裏
TH_Narathiwat|陶公
TH_Mukdahan|莫達漢
TH_Lop Buri|華富裏
TH_Chiang Rai|清萊
TH_Chiang Mai|清邁
TH_Nong Bua Lamphu|廊莫那浦
TH_Nong Khai|廊開
TH_Bangkok|曼谷
TH_Chaiyaphum|猜也奔
TH_Chai Nat|猜那
TH_Tak|達
TH_Trat|達叻
TH_Trang|董裏
TH_Uttaradit|程逸
TH_Phuket|普吉
TH_Phatthalung|博達倫
TH_Phitsanulok|彭世洛
TH_Nonthaburi|暖武裏
TH_Maha Sarakham|瑪哈沙拉堪
TH_Phetchabun|碧差汶
TH_Loei|黎
TH_Roi Et|黎逸
TH_Samut Sakhon|龍仔厝
TH_Phangnga|攀牙
TH_Nan|難
TH_Ranong|羅勇
NA|納米比亞
RE|留尼旺島
HT|海地
MK|馬其頓
MW|馬拉維
MY|馬來西亞
MY_Terengganu|丁加奴
MY_Terengganu_Besut|勿述
MY_Terengganu_Kuala Terengganu|瓜拉丁加奴
MY_Terengganu_Kemaman|甘馬挽
MY_Terengganu_Hulu|烏魯
MY_Terengganu_Marang|馬江
MY_Terengganu_Setiu|實兆
MY_Terengganu_Dungun|龍運
MY_Kedah|吉打
MY_Kedah_Padang Terap|巴東得臘
MY_Kedah_Kuala Muda|瓜拉姆達
MY_Kedah_Kubang Pasu|古邦巴素
MY_Kedah_Kulim|居林
MY_Kedah_Kota Setar|哥打士打
MY_Kedah_Langkawi|浮羅交怡
MY_Kedah_Baling|華玲
MY_Kedah_Pendang|笨筒
MY_Kedah_Bandar Baharu|萬拉峇魯
MY_Kuala Lumpur|吉隆玻
MY_Kuala Lumpur_Kuala Lumpur|吉隆玻
MY_Kelantan|吉蘭丹
MY_Kelantan_Jeli|日裏
MY_Kelantan_Pasir Mas|巴西馬
MY_Kelantan_Pasir Putih|巴西富地
MY_Kelantan_Tanah Merah|丹那美拉
MY_Kelantan_Kuala Krai|瓜拉吉賴
MY_Kelantan_Kota Bharu|哥打巴魯
MY_Kelantan_Machang|馬樟
MY_Kelantan_Tumpat|道北
MY_Kelantan_Bachok|登卓
MY_Kelantan_Gua Musang|話望生
MY_Sabah|沙巴
MY_Sabah_Sandakan|山打根
MY_Sabah_Tawau|斗湖
MY_Sabah_Tenom|丹南
MY_Sabah_Beluran|比魯蘭
MY_Sabah_Kuala Penyu|瓜拉班尤
MY_Sabah_Semporna|仙本那
MY_Sabah_Pitas|必達士
MY_Sabah_Kota Belud|古打毛律
MY_Sabah_Kunak|古納
MY_Sabah_Kudat|古達
MY_Sabah_Sipitang|西比陶
MY_Sabah_Papar|吧巴
MY_Sabah_Penampang|兵南邦
MY_Sabah_Kinabatangan|京那巴登岸
MY_Sabah_Beaufort|保佛
MY_Sabah_Keningau|根地咬
MY_Sabah_Kota Marudu|哥打馬魯都
MY_Sabah_Kota Kinabalu|哥打基納巴魯
MY_Sabah_Nabawan|納巴灣
MY_Sabah_Lahad Datu|拿篤
MY_Sabah_Tuaran|鬥亞蘭
MY_Sabah_Tambunan|擔布南
MY_Sabah_Ranau|蘭腦
MY_Sarawak|沙撈越
MY_Sarawak_Samarahan|三馬拉漢
MY_Sarawak_Betong|木中
MY_Sarawak_Mukah|木膠
MY_Sarawak_Bintulu|民都魯
MY_Sarawak_Kapit|加帛
MY_Sarawak_Kuching|古晉
MY_Sarawak_Sibu|泗務
MY_Sarawak_Sarikei|泗裏街
MY_Sarawak_Limbang|林夢
MY_Sarawak_Miri|美裏
MY_Sarawak_Sri Aman|斯裏阿曼
MY_Perlis|玻璃市?　?　?
MY_Perlis_Kangar|加央
MY_Johor|柔佛
MY_Johor_Kluang|居鑾
MY_Johor_Segamat|昔加末
MY_Johor_Batu Pahat|峇株巴轄
MY_Johor_Johor Bahru|柔佛巴魯
MY_Johor_Kota Tinggi|哥打丁宜
MY_Johor_Muar|麻坡
MY_Johor_Pontian|笨珍
MY_Johor_Mersing|豐盛港
MY_Labuan|納閩
MY_Labuan_Labuan|納閩
MY_Labuan_Victoria|維多利亞
MY_Malacca|麻六甲
MY_Malacca_Alor Gajah|亞羅牙也
MY_Malacca_Jasin|野新
MY_Malacca_Melaka|麻六甲市
MY_Selangor|雪蘭莪
MY_Selangor_Petaling|八打靈
MY_Selangor_Kuala Langat|瓜拉冷嶽
MY_Selangor_Kuala Selangor|瓜拉雪蘭莪
MY_Selangor_Sabak Bernam|沙白安南
MY_Selangor_Hulu Langat|烏魯冷嶽
MY_Selangor_Hulu Selangor|烏魯雪蘭莪
MY_Selangor_Sepang|雪邦
MY_Selangor_Gombak|鵝麥
MY_Negeri Sembilan|森美蘭
MY_Negeri Sembilan_Jelebu|日叻務
MY_Negeri Sembilan_Jempol|仁保
MY_Negeri Sembilan_Kuala Pilah|瓜拉庇勞
MY_Negeri Sembilan_Seremban|芙蓉
MY_Negeri Sembilan_Port Dickson|波德申
MY_Negeri Sembilan_Rembau|林茂
MY_Negeri Sembilan_Tampin|淡邊
MY_Pahang|彭亨
MY_Pahang_Bentong|文冬
MY_Pahang_Kuala Lipis|立卑
MY_Pahang_Pekan|北根
MY_Pahang_Jerantut|而連突
MY_Pahang_Bera|百樂
MY_Pahang_Cameron Highlands|金馬侖高原
MY_Pahang_Maran|馬蘭
MY_Pahang_Temerloh|淡馬魯
MY_Pahang_Raub|勞勿
MY_Pahang_Rompin|雲冰
MY_Pahang_Kuantan|關丹
MY_Pulau Pinang|檳榔嶼
MY_Pulau Pinang_Bukit Mertajam|大山腳
MY_Pulau Pinang_Butterworth|北海
MY_Pulau Pinang_Nibong Tebal|高淵
MY_Pulau Pinang_George Town|檳城
MY_Perak|霹靂
MY_Perak_Taiping|太平
MY_Perak_Tanjung Malim|丹絨馬
MY_Perak_Kuala Kangsar|江沙
MY_Perak_Teluk Intan|安順
MY_Perak_Ipoh|怡保
MY_Perak_Sungai Siput|和豐
MY_Perak_Lumut|紅土坎
MY_Perak_Batu Gajah|華都牙也
MH|馬紹爾群島
MG|馬達加斯加
MV|馬爾代夫
MV_North Nilandhe Atoll|北尼蘭杜
MV_North Miladhunmadhulu|北米拉杜馬杜盧
MV_North Ari Atoll|北阿裏
MV_North Maalhosmadhulu|北馬婁斯馬杜盧
MV_North Thiladhunmathi|北蒂拉杜馬蒂
MV_North Huvadhu Atoll|北蘇瓦迪瓦
MV_Addu Atoll|阿杜
MV_Faadhippolhu|法狄福盧
MV_Hadhdhunmathi|哈杜馬蒂
MV_Kolhumadulu|科盧馬杜盧
MV_South Nilandhe Atoll|南尼蘭杜
MV_South Miladhunmadhulu|南米拉杜馬杜盧
MV_South Ari Atoll|南阿裏
MV_South Maalhosmadulu|南馬婁斯馬杜盧
MV_South Thiladhunmathi|南蒂拉杜馬蒂
MV_South Huvadhu Atoll|南蘇瓦迪瓦
MV_Male|馬累
MV_Male Atoll|馬累島
MV_Felidhu Atoll|費利杜
MV_Foammulah|福阿穆拉庫
MV_Mulakatholhu|穆拉庫
PE|秘魯
CG|剛果民主共和國
TT|特立尼達和多巴哥
NL|荷蘭
NL_Breda|布雷達
NL_Middelburg|米德爾堡
NL_Dordrecht|多德雷赫特
NL_Leeuwarden|呂戈登
NL_Amsterdam|阿姆斯特丹
NL_Apeldoorn|阿珀爾多倫
NL_Arnhem|阿納姆
NL_Assen|阿森
NL_Almere|阿爾梅勒
NL_Amersfoort|阿默斯福特
NL_Zoetermeer|佐特爾梅
NL_Nijmegen|奈梅亨
NL_Haarlem|哈勒姆
NL_Zwolle|茲沃勒
NL_Groningen|格羅寧根
NL_Enschede|恩斯赫德
NL_Utrecht|烏德勒支
NL_Hague|海牙
NL_Maastricht|馬斯特里赫特
NL_Eindhoven|埃因霍芬
NL_Emmen|埃門
NL_Ede|埃德
NL_Lelystad|萊利斯塔德
NL_Leiden|萊頓
NL_Rotterdam|鹿特丹
NL_Tilburg|蒂爾堡
NL_'s-Hertogenbosch|斯海爾托亨博思
NL_Hoofddorp|霍夫多爾普
MZ|莫三比克
MD|莫爾達瓦
EG|埃及
ET|埃塞俄比亞
LS|萊索托
CZ|捷克共和國
PH|菲律賓
PH_Caloocan|卡盧坎
PH_Manila|馬尼拉
PH_Cebu|宿務
PH_Davao|達沃
KI|基裏巴斯
YE|葉門
TJ|塔吉克斯坦
PT|葡萄牙
PT_Serra da Estrela|山后
PT_Alto Alentejo|上阿連特茹
PT_Alto Tros-os-Montes|上特拉斯山　　
PT_Baixo Vouga|下伏日
PT_Baixo Alentejo|下阿連特茹
PT_Baixo Mondego|下蒙德古
PT_Pinhal Interior Norte|內皮尼亞爾北
PT_Pinhal Interior Sul|內皮尼亞爾南　
PT_Beira Interior Norte|內貝拉北
PT_Beira Interior Sul|內貝拉南　
PT_Alentejo Central|中阿連特茹
PT_Cavado|卡瓦多　　
PT_Minho-Lima|米尼奧-利馬　
PT_Oeste|西部
PT_Lisboa|里斯本
PT_Leziria do Tejo|利巴特茹
PT_Douro|杜羅
PT_Faro|法魯
PT_Porto|波爾圖
PT_Cova da Beira|科瓦貝拉　　　
PT_Entre Douro e Vouga|恩特拉杜羅伏日　　
PT_Medio Tejo|梅地奧特茹　
PT_Ave|萬福
PT_Tamega|塔梅加
PT_Peninsula de Setubal|塞圖巴爾半島
PT_Ponta Delgada|蓬塔德爾加達
PT_Pinhal Litoral|濱海皮尼亞爾
PT_Alentejo Litoral|濱海阿連特茹
PT_Funchal|豐沙爾
CM|喀麥隆
VN|越南
VN_Hanoi|河內
VN_Ho Chi Minh City|胡志明市
VN_Haiphong|海防
KY|開曼群島
FJ|斐濟
GE|喬治亞
LK|斯里蘭卡
SI|斯洛文尼亞
SK|斯洛伐克
SZ|斯威士蘭
TO|湯加
CL|智利
KP|朝鮮
BW|博茨瓦納
SM|聖馬力諾
KN|聖基茨和尼維斯
CH|瑞士
CH_Obwalden|上瓦爾登
CH_Nidwalden|下瓦爾登
CH_Wallis|瓦萊
CH_Appenzell Innerrhodn|內阿彭策爾
CH_Geneve|日內瓦
CH_Basel-stadt|巴塞尔
CH_Basel Landschaft|巴塞爾鄉村
CH_Appenzell Ausserrhon|外阿彭策爾
CH_Freiburg|弗裏堡
CH_Jura|汝拉
CH_Vaud|沃
CH_Schaffhausen|沙夫豪森
CH_Aargau|阿爾高
CH_Bern|伯爾尼
CH_Lausanne|洛桑
CH_Schwyz|施維茨
CH_Glarus|格拉魯斯
CH_Graubnden|格勞賓登
CH_Uri|烏裏
CH_Neuchatel|納沙泰爾
CH_Solothurn|索洛圖恩
CH_Ticino|提契諾
CH_St.Gallen|聖加侖
CH_Zug|楚格
CH_Thurgau|圖爾高
CH_Luzern|盧塞恩
CH_Zurich|蘇黎世
SN|塞內加爾
SC|塞舌耳
SE|瑞典
SE_Orebro|厄勒布魯
SE_Blekinge|布萊金厄
SE_Norrbottens|北博滕
SE_Kalmar|卡爾馬
SE_Vastra Gotalands|西約特蘭
SE_Vastmanlands|西曼蘭
SE_Vasterbottens|西博滕
SE_Vasternorrlands|西諾爾蘭
SE_Jonkopings|延雪平
SE_Kronobergs|克魯努貝裏
SE_Gavleborgs|耶夫勒堡
SE_Jamtlands|耶姆特蘭
SE_Ustergotland|東約特蘭
SE_Hallands|哈蘭
SE_Sodermanlands|南曼蘭
SE_Varmlands|韋姆蘭
SE_Uppsala|烏普薩拉
SE_Gotlands|哥得蘭
SE_Dalarnas|達拉納
SE_Skane|斯科耐
SE_Stockholms|斯德哥爾摩
SL|塞拉里昂
CS|塞爾維亞,黑山
MN|蒙古
IE|愛爾蘭
IE_Carlow|卡洛
IE_Cavan|卡範
IE_Meath|米斯
IE_Donegal|多內加爾
IE_Westmeath|西米斯
IE_Waterford|沃特福德　?
IE_Clare|克雷爾
IE_Leitrim|利特裏姆
IE_Limerick|利默里克
IE_Cork|科克
IE_Wicklow|威克洛
IE_Wexford|韋克斯福德?
IE_Galway|哥爾韋
IE_Dublin|都柏林
IE_Longford|朗福德
IE_Monaghan|莫內根
IE_Mayo|梅奧
IE_Kildare|基爾代爾
IE_Kilkenny|基爾肯尼
IE_Tipperary|蒂珀雷裏
IE_Sligo|斯萊戈
IE_Kerry|凱裏
IE_Louth|勞斯
IE_Offaly|奧法利
IE_Laois|嶗斯
IE_Roscommon|羅斯康芒?
SG|新加坡
NZ|新西蘭
NZ_Whakatane|瓦卡塔尼
NZ_Napier|內皮爾
NZ_Blenheim|布萊尼姆
NZ_North Shore|北岸
NZ_Palmerston North|北帕默斯頓
NZ_Far North|北遠
NZ_Gisborne|吉斯伯恩
NZ_Invercargill|因弗卡吉耳
NZ_Christchurch|克賴斯特徹奇
NZ_Richmond|里士滿
NZ_Whangarei|旺阿雷
NZ_Wanganui|旺格努伊
NZ_Hamilton|哈密爾頓
NZ_Greymouth|格雷茅斯
NZ_Nelson|納爾遜
NZ_Manukau|馬努考
NZ_Taumarunui|陶馬魯努伊
NZ_Dunedin|達尼丁
NZ_Stratford|斯特拉特福德
NZ_Kaipara|凱帕拉
NZ_New Plymouth|新普利茅斯
NZ_Auckland|奧克蘭
NZ_Hastings|赫斯廷斯
NZ_Waitakere|懷塔柯拉
NC|新赫里多尼亞
IT|義大利
IT_Bari|巴里
IT_Palermo|巴勒莫
IT_Pisa|比薩
IT_Biella|布拉
IT_Brindisi|布林迪西
IT_Cagliari|卡利亞里
IT_Catanzaro|卡坦紮羅
IT_Catania|卡塔尼亞
IT_Caserta|卡塞塔
IT_Milano|米蘭
IT_Naples|那不勒斯
IT_Isernia|伊塞爾尼亞
IT_Ancona|安科納
IT_Benevento|貝內文托
IT_Bergamo|貝加莫
IT_Crotone|克羅托內
IT_Ascoli Piceno|阿斯科利皮切諾
IT_Asti|阿斯蒂
IT_Nuoro|努奧羅
IT_Brescia|佈雷西亞
IT_Campobasso|坎波巴索
IT_Firenze|佛羅倫斯
IT_Pordenone|波代諾內
IT_Potenza|波坦察
IT_Pavia|帕維亞
IT_Parma|帕爾馬
IT_Trieste|的里雅斯特
IT_Alessandria|亞歷山德里亞
IT_L'Aquila|拉奎拉
IT_La Spezia|拉斯佩齊亞
IT_Perugia|佩魯賈
IT_Cosenza|科森紮
IT_Como|科摩
IT_Venice|威尼斯
IT_Vercelli|韋爾切利
IT_Udine|烏迪內
IT_Turin|都靈
IT_Matera|馬泰拉
IT_Massa-Carrara|馬薩
IT_Trapani|特拉帕尼
IT_Trento|特倫托
IT_Cuneo|庫內奧
IT_Lecce|萊切
IT_Lecco|萊科
IT_Taranto|塔蘭托
IT_Ferrara|費拉拉
IT_Bologna|博洛尼亞
IT_Monza e Brianza|蒙紮
IT_Livorno|裏窩那
IT_Foggia|福賈
IT_Reggio Emilia|雷焦艾米利亞
IT_Reggio Calabria|雷焦卡拉布裏亞
IT_Aosta|奧斯塔
IT_Oristano|奧裏斯塔諾
IT_Olbia-Tempio|奧爾比亞
IT_Viterbo|維泰博
IT_Modena|摩德納
IT_Messina|墨西拿
IT_Genova|熱那亞
IT_Novara|諾瓦拉
IT_Savona|薩沃納
IT_Salerno|薩萊諾
IT_Sassari|薩薩里
IT_Siena|錫耶納
IT_Syracuse|錫拉庫紮
IT_Roma|羅馬
AT|奧地利
AT_Upper Austria|上奧地利
AT_Lower Austria|下奧地利
AT_Burgenland|布林根蘭
AT_Carinthia|克恩頓
AT_Styria|施蒂利亞
AT_Tyrol|蒂羅爾
AT_Vorarlberg|福拉爾貝格
AT_Vienna|維也納
AT_Salzburg|薩爾茨堡
MA|摩洛哥
MC|摩納哥
MX|墨西哥
MX_Oaxaca|瓦哈卡
MX_Benito Juurez|贝尼托·胡亚雷斯
MX_Puerto Vallarta|巴亞爾塔港
MX_Valles|巴厘城
MX_Cheturnal|切圖馬爾
MX_Villahermosa|比利亞埃爾莫薩
MX_Guanajuato|瓜納華托
MX_Guadalajara|瓜達拉哈拉
MX_Puebla|布埃布拉
MX_Carmen|卡門
MX_Torreon|托雷翁
MX_Toluca|托盧卡
MX_Irapuato|伊拉普阿托
MX_Obregon|克夫雷貢城
MX_Queretaro|克雷塔羅
MX_Aguascalientes|阿瓜斯卡連斯特
MX_Acapulco|阿卡普爾科
MX_Durango|杜蘭戈
MX_Poza Rica de Hidalgo|波薩裏卡
MX_Chihuahua|奇瓦瓦
MX_Chilpancingo|奇爾潘辛戈
MX_Pachuca|帕丘卡
MX_La Paz|拉巴斯
MX_Tampico|坦皮科
MX_Jalapa|哈拉帕
MX_Los Mochis|洛斯莫奇斯
MX_Colima|科利馬
MX_Veracruz|韋拉克魯斯
MX_Ensenada|恩塞納達
MX_Uruapan|烏盧阿潘
MX_Matamoros|馬塔莫羅斯
MX_Mazatlan|馬薩特蘭
MX_Tehuacan|特瓦坎
MX_Tepic|特皮克
MX_Tlaxcala|特拉斯卡拉
MX_Culiacan|庫利阿坎
MX_Cuernavaca|庫埃納瓦卡
MX_Morelia|莫雷裏亞
MX_Campeche|埃佩切
MX_Hermosillo|埃莫西約
MX_Juarez|華雷斯
MX_Leon|萊昂
MX_Merida|梅裏達
MX_Tapachula|塔帕丘拉
MX_Tijuana|蒂華納
MX_San Luis Potosi|聖路易士波托亞
MX_Celaya|塞拉亞
MX_Monclova|蒙克洛瓦
MX_Monterrey|蒙特雷
MX_Nuevo Laredo|新拉雷多
MX_Coatzacoalcos|誇察誇拉克斯
MX_Reynosa|雷諾薩
MX_Orizaba|奧裏薩巴
MX_Victoria|維多利亞城
MX_Tuxtla Gutierrez|圖斯特拉-古鐵雷斯
MX_Mexicali|墨西卡裏
MX_Mexico City|墨西哥城
MX_Nogales|諾加萊斯
MX_Zacatecas|薩卡特卡斯
MX_Saltillo|薩爾蒂約
MM|緬甸
LB|黎巴嫩
AU|澳大利亞
AU_Northern Territory|北部地方
AU_Northern Territory_Palmerston|北帕默斯頓
AU_Northern Territory_Darwin|達爾文
AU_Western Australia|西澳大利亞
AU_Western Australia_Fremantle|弗裏曼特爾港
AU_Western Australia_Kalgoorlie|卡爾古利
AU_Western Australia_Perth|珀斯
AU_Western Australia_Bunbury|班伯里
AU_Western Australia_Mandurah|曼哲拉
AU_Western Australia_Geraldton|傑拉爾頓
AU_Western Australia_Albany|奧爾巴尼
AU_Canberra|坎培拉
AU_Queensland|昆士蘭
AU_Queensland_Brisbane|布里斯班
AU_Queensland_Caloundra|卡羅旺德拉
AU_Queensland_Gold Coast|黃金海岸
AU_Queensland_Cairns|凱恩斯
AU_Queensland_Townsville|湯斯維爾
AU_Queensland_Toowoomba|圖文巴
AU_South Australia|南澳大利亞
AU_South Australia_Mount Gambier|甘比亞山
AU_South Australia_Port Pirie|皮里港
AU_South Australia_Adelaide|阿德萊德
AU_South Australia_Port Lincoln|林肯港
AU_South Australia_Port Augusta|奧古斯塔
AU_South Australia_Victor Harbor|維克托港
AU_South Australia_Murray Bridge|默里布裏奇
AU_South Australia_Whyalla|懷阿拉
AU_Tasmania|塔斯馬尼亞
AU_Tasmania_Burnie|伯尼港
AU_Tasmania_Launceston|朗塞斯頓
AU_Tasmania_Devonport|德文波特
AU_Tasmania_Hobart|霍巴特
AU_New South Wales|新南威爾士
AU_New South Wales_Wollongong|伍倫貢
AU_New South Wales_Newcastle|紐卡斯爾
AU_New South Wales_Sydney|悉尼
AU_Victoria|維多利亞
AU_Victoria_Geelong|吉朗
AU_Victoria_Melbourne|墨爾本
MO|澳門
MO_Cathedral|大堂区
MO_St. Lawrence|风顺堂区
MO_Taipa|氹仔
MO_St. Anthony|圣安多尼堂区
MO_Fatima|花地玛堂区
MO_St. Lazarus|望德堂区
MO_Coloane|路环岛
DE|德國
DE_Bremen|不來梅
DE_Schwerin|什未林
DE_Bielefeld|比勒費爾德
DE_Brunswick|布勞恩斯魏克
DE_Detmold|代特莫爾特
DE_Freiburg|弗賴堡
DE_Kassel|卡塞爾
DE_Karlsruhe|卡爾斯魯厄
DE_GieBen|吉森
DE_Ansbach|安斯巴格
DE_Luneburg|呂訥堡
DE_Arnsberg|阿恩斯貝格
DE_Dusseldorf|杜塞爾多夫
DE_Frankfurt|法蘭克福
DE_Potsdam|波茨坦
DE_Bochum|波鴻
DE_Muenster|明斯特
DE_Halle|哈雷
DE_Koblenz|科布倫次
DE_Cologne|科隆
DE_Wiesbaden|威斯巴登
DE_Bayreuth|拜伊羅特
DE_Mainz|美因茲
DE_Berlin|柏林
DE_Nuremberg|紐倫堡
DE_Magdeburg|馬格德堡
DE_Trier|特里爾
DE_Leipzig|萊比錫
DE_Mannheim|曼海姆
DE_Kiel|基爾
DE_Darmstadt|達姆施塔特
DE_Chemnitz|開姆尼斯
DE_Stuttgart|斯圖加特
DE_Erfurt|愛爾福特
DE_Munich|慕尼克
DE_Augsburg|奧格斯堡
DE_Wuerzburg|維爾茨堡
DE_Hamburg|漢堡
DE_Hannover|漢諾威
DE_Dresden|德累斯頓
DE_Dessau|德紹
DE_Landshut|蘭茨胡特
WS|薩摩亞
RW|盧旺達
LU|盧森堡
JE|澤西島
KR|韓國
KR_Daejeon|大田
KR_Daegu|大邱
KR_Daegu_Daegu|大邱
KR_Daegu_Dalseong-gun|達城郡
KR_Daegu_Suseong-gu|壽城區
KR_Incheon|仁川
KR_Gangwon-do|江原道
KR_Gangwon-do_Samcheok|三陟市
KR_Gangwon-do_Taebaek|太白市
KR_Gangwon-do_Pyeongchang County|平昌郡
KR_Gangwon-do_Gangneung|江陵市
KR_Gangwon-do_Sokcho|束草市
KR_Gangwon-do_Donghae|東海市
KR_Gangwon-do_Hongcheon County|洪川郡
KR_Gangwon-do_Chuncheon|春川市
KR_Gangwon-do_Goseong County|高城郡
KR_Gangwon-do_Wonju|原州市
KR_Gangwon-do_Hwacheon County|華川郡
KR_Gangwon-do_Jeongseon County|旌善郡
KR_Gangwon-do_Yanggu County|楊口郡
KR_Gangwon-do_Yeongwol County|寧越郡
KR_Gangwon-do_Hoengseong County|橫城郡
KR_Gangwon-do_Yangyang County|襄陽郡
KR_Gangwon-do_Cheorwon County|鐵原郡
KR_Gangwon-do_Inje County|麟蹄郡
KR_Gwangju|光州
KR_Gyeongsangbuk-do|全羅北道
KR_Gyeongsangbuk-do_Jeongeup|井邑市
KR_Gyeongsangbuk-do_Jeonju|全州市
KR_Gyeongsangbuk-do_Imsil County|任實郡
KR_Gyeongsangbuk-do_Buan County|扶安郡
KR_Gyeongsangbuk-do_Wanju County|完州郡
KR_Gyeongsangbuk-do_Jangsu County|長水郡
KR_Gyeongsangbuk-do_Gimje|金堤市
KR_Gyeongsangbuk-do_Muju County|茂朱郡
KR_Gyeongsangbuk-do_Namwon|南原市
KR_Gyeongsangbuk-do_Iksan|益山市
KR_Gyeongsangbuk-do_Gochang County|高敞郡
KR_Gyeongsangbuk-do_Sunchang County|淳昌郡
KR_Gyeongsangbuk-do_Gunsan|群山市
KR_Gyeongsangbuk-do_Jinan County|鎭安郡
KR_Gyeongsangnam-do|全羅南道
KR_Gyeongsangnam-do_Mokpo|木浦市
KR_Gyeongsangnam-do_Gwangyang|光陽市
KR_Gyeongsangnam-do_Gurye County|求禮郡
KR_Gyeongsangnam-do_Hwasun County|和順郡
KR_Gyeongsangnam-do_Jangseong County|長城郡
KR_Gyeongsangnam-do_Jangheung County|長興郡
KR_Gyeongsangnam-do_Hampyeong County|咸平郡
KR_Gyeongsangnam-do_Jindo County|珍島郡
KR_Gyeongsangnam-do_Haenam County|海南郡
KR_Gyeongsangnam-do_Goheung County|高興郡
KR_Gyeongsangnam-do_Muan County|務安郡
KR_Gyeongsangnam-do_Wando County|莞島郡
KR_Gyeongsangnam-do_Gangjin County|康津郡
KR_Gyeongsangnam-do_Suncheon|順天市
KR_Gyeongsangnam-do_Sinan County|新安郡
KR_Gyeongsangnam-do_Gokseong County|穀城郡
KR_Gyeongsangnam-do_Damyang County|潭陽郡
KR_Gyeongsangnam-do_Yeosu|麗水市
KR_Gyeongsangnam-do_Naju|羅州市
KR_Gyeongsangnam-do_Boseong County|寶城郡
KR_Gyeongsangnam-do_Yeonggwang County|靈光郡
KR_Gyeongsangnam-do_Yeongam County|靈岩郡
KR_Jeollabuk-do|忠清北道
KR_Jeollabuk-do_Danyang County|丹陽郡
KR_Jeollabuk-do_Yeongdong County|永同郡
KR_Jeollabuk-do_Okcheon County|沃川郡
KR_Jeollabuk-do_Chungju|忠州市
KR_Jeollabuk-do_Eumseong County|陰城郡
KR_Jeollabuk-do_Cheongju|淸州市
KR_Jeollabuk-do_Cheongwon County|淸原郡
KR_Jeollabuk-do_Jecheon|堤川市
KR_Jeollabuk-do_Boeun County|報恩郡
KR_Jeollabuk-do_Jeungpyeong County|曾坪郡
KR_Jeollabuk-do_Goesan County|槐山郡
KR_Jeollabuk-do_Jincheon County|鎭川郡
KR_Jeollanam-do|忠清南道
KR_Jeollanam-do_Cheonan|天安市
KR_Jeollanam-do_Gongju|公州市
KR_Jeollanam-do_Asan|牙山市
KR_Jeollanam-do_Buyeo County|扶餘郡
KR_Jeollanam-do_Cheongyang County|青陽郡
KR_Jeollanam-do_Hongseong County|洪城郡
KR_Jeollanam-do_Boryeong|保寧市
KR_Jeollanam-do_Taean County|泰安郡
KR_Jeollanam-do_Dangjin County|唐津郡
KR_Jeollanam-do_Seocheon County|舒川郡
KR_Jeollanam-do_Seosan|瑞山市
KR_Jeollanam-do_Nonsan|論山市
KR_Jeollanam-do_Yeongi County|燕岐郡
KR_Jeollanam-do_Geumsan County|錦山郡
KR_Jeollanam-do_Yesan County|禮山郡
KR_Jeollanam-do_Gyeryong|雞龍市
KR_Seoul|首爾
KR_Busan|釜山
KR_Ulsan|蔚山
KR_Chungcheongbuk-do|廣尚北道
KR_Chungcheongbuk-do_Yeongcheon|永川市
KR_Chungcheongbuk-do_Andong|安東市
KR_Chungcheongbuk-do_Sangju|尙州市
KR_Chungcheongbuk-do_Bonghwa County|奉化郡
KR_Chungcheongbuk-do_Gimcheon|金泉市
KR_Chungcheongbuk-do_Yeongyang County|英陽郡
KR_Chungcheongbuk-do_Cheongsong County|靑松郡
KR_Chungcheongbuk-do_Seongju County|星州郡
KR_Chungcheongbuk-do_Yeongdeok County|盈德郡
KR_Chungcheongbuk-do_Gunwi County|軍威郡
KR_Chungcheongbuk-do_Pohang|浦項市
KR_Chungcheongbuk-do_Goryeong County|高靈郡
KR_Chungcheongbuk-do_Cheongdo County|淸道郡
KR_Chungcheongbuk-do_Uiseong County|義城郡
KR_Chungcheongbuk-do_Mungyeong|聞慶市
KR_Chungcheongbuk-do_Uljin County|蔚珍郡
KR_Chungcheongbuk-do_Yeongju|榮州市
KR_Chungcheongbuk-do_Chilgok County|漆穀郡
KR_Chungcheongbuk-do_Gyeongsan|慶山市
KR_Chungcheongbuk-do_Gyeongju|慶州市
KR_Chungcheongbuk-do_Gumi|龜尾市
KR_Chungcheongbuk-do_Yecheon County|醴泉郡
KR_Chungcheongbuk-do_Ulleung County|鬱陵郡
KR_Chungcheongnam-do|廣尚南道
KR_Chungcheongnam-do_Sancheong County|山淸郡
KR_Chungcheongnam-do_Geoje|巨濟市
KR_Chungcheongnam-do_Geochang County|居昌郡
KR_Chungcheongnam-do_Hadong County|河東郡
KR_Chungcheongnam-do_Sacheon|泗川市
KR_Chungcheongnam-do_Gimhae|金海市
KR_Chungcheongnam-do_Changwon|昌原市
KR_Chungcheongnam-do_Changnyeong County|昌寧郡
KR_Chungcheongnam-do_Goseong County|固城郡
KR_Chungcheongnam-do_Uiryeong County|宜寧郡
KR_Chungcheongnam-do_Haman County|咸安郡
KR_Chungcheongnam-do_Hamyang County|咸陽郡
KR_Chungcheongnam-do_Hapcheon County|陜川郡
KR_Chungcheongnam-do_Namhae County|南海郡
KR_Chungcheongnam-do_Masan|馬山市
KR_Chungcheongnam-do_Jinju|晉州市
KR_Chungcheongnam-do_Yangsan|梁山市
KR_Chungcheongnam-do_Miryang|密陽市
KR_Chungcheongnam-do_Tongyeong|統營市
KR_Chungcheongnam-do_Jinhae|鎭海市
KR_Jeju-do|濟州島
KR_Jeju-do_Guri|九裏市
KR_Jeju-do_Suwon|水原市
KR_Jeju-do_Pyeongtaek|平澤市
KR_Jeju-do_Gapyeong County|加平郡
KR_Jeju-do_Gwangmyeong|光明市
KR_Jeju-do_Ansan|安山市
KR_Jeju-do_Anseong|安城市
KR_Jeju-do_Anyang|安養市
KR_Jeju-do_Icheon|利川市
KR_Jeju-do_Hanam|河南市
KR_Jeju-do_Siheung|始興市
KR_Jeju-do_Gimpo|金浦市
KR_Jeju-do_Pocheon|抱川市
KR_Jeju-do_Paju|坡州市
KR_Jeju-do_Dongducheon|東豆川市
KR_Jeju-do_Gwacheon|果川市
KR_Jeju-do_Gunpo|軍浦市
KR_Jeju-do_Namyangju|南楊州市
KR_Jeju-do_Seongnam|城南市
KR_Jeju-do_Osan|烏山市
KR_Jeju-do_Goyang|高陽市
KR_Jeju-do_Hwaseong|華城市
KR_Jeju-do_Bucheon|富川市
KR_Jeju-do_Yangpyeong County|揚平郡
KR_Jeju-do_Yangju|楊州市
KR_Jeju-do_Yeoncheon County|漣川郡
KR_Jeju-do_Gwangju|廣州市
KR_Jeju-do_Uiwang|儀旺市
KR_Jeju-do_Yongin|龍仁市
KR_Jeju-do_Uijeongbu|議政府
KR_Jeju-do_Yeoju County|驪州郡
KR_Gyeonggi-do|濟州特別自治道
GU|關島
SD|蘇丹
SR|蘇裡南
RO|羅馬尼亞

